Book Id,Title,Author,Author l-f,Additional Authors,ISBN,ISBN13,My Rating,Average Rating,Publisher,Binding,Number of Pages,Year Published,Original Publication Year,Date Read,Date Added,Bookshelves,Bookshelves with positions,Exclusive Shelf,My Review,Spoiler,Private Notes,Read Count,Owned Copies
190999,Way Station,Clifford D. Simak,"Simak, Clifford D.",,"=""0020248717""","=""9780020248712""",3,4.03,Collier Books,Paperback,210,1992,1988,2022/11/11,2022/10/24,fiction,fiction (#178),read,,,,1,0
56991925,Concurrent Data Processing in Elixir,Svilen Gospodinov,"Gospodinov, Svilen",,"=""""","=""9781680508192""",0,4.33,The Pragmatic Bookshelf,ebook,170,2021,2021,,2022/10/29,currently-reading,currently-reading (#4),currently-reading,,,,1,0
39943621,"Fire & Blood (A Targaryen History, #1)",George R.R. Martin,"Martin, George R.R.",Doug Wheatley,"=""152479628X""","=""9781524796280""",2,3.97,Bantam,Hardcover,719,2018,2018,2022/10/23,2022/10/13,fiction,fiction (#177),read,,,,1,0
52824295,The Making of Prince of Persia: Journals 1985-1993,Jordan Mechner,"Mechner, Jordan",,"=""0578627310""","=""9780578627311""",4,4.20,Stripe Press,Hardcover,336,2020,,2022/09/10,2022/09/10,non-fiction,non-fiction (#51),read,,,,1,0
45309700,The Internals of PostgreSQL,Hironobu Suzuki,"Suzuki, Hironobu",,"=""""","=""""",2,4.20,interdb.jp,ebook,206,2018,,2022/09/07,2022/07/05,programming,programming (#108),read,,,,1,0
222146,Masters of Doom: How Two Guys Created an Empire and Transformed Pop Culture,David Kushner,"Kushner, David",,"=""0812972155""","=""9780812972153""",4,4.29,Random House Trade Paperbacks,Paperback,339,2004,2003,2022/09/03,2022/08/31,non-fiction,non-fiction (#50),read,,,,1,0
22584,"Flow My Tears, the Policeman Said",Philip K. Dick,"Dick, Philip K.",Chris     Moore,"=""1857983416""","=""9781857983418""",3,3.92,Gollancz  ,Paperback,204,2001,1974,2022/08/20,2022/08/11,fiction,fiction (#176),read,,,,1,0
25080953,The Go Programming Language,Alan A.A. Donovan,"Donovan, Alan A.A.",Brian W. Kernighan,"=""0134190440""","=""9780134190440""",3,4.45,Addison-Wesley,Paperback,380,2015,2015,2022/08/12,2022/04/03,programming,programming (#107),read,,,,1,0
55182024,Learning Helm: Managing Apps on Kubernetes,Matt Butcher,"Butcher, Matt","Matt Farina, Josh Dolitsky","=""1492083658""","=""9781492083658""",3,3.73,O'Reilly Media,Paperback,214,2021,,2022/06/25,2022/06/01,programming,programming (#106),read,,,,1,0
102030,Musashi,Eiji Yoshikawa,"Yoshikawa, Eiji","Charles S. Terry, Edwin O. Reischauer","=""4770019572""","=""9784770019578""",4,4.46,Kodansha International,Hardcover,970,1995,1935,2022/06/20,2022/04/09,fiction,fiction (#175),read,,,,1,0
60829943,The Future of Observability with OpenTelemetry,Ted Young,"Young, Ted",,"=""""","=""""",3,3.00,"O'Reilly Media, Inc.",ebook,75,2021,,2022/05/08,2022/05/08,programming,programming (#105),read,,,,1,0
60821466,The Purely Functional Software Deployment Model,Eelco Dolstra,"Dolstra, Eelco",,"=""9039341303""","=""""",4,4.00,,ebook,268,2006,,2022/04/26,2022/04/16,programming,programming (#104),read,,,,1,0
56481725,Staff Engineer: Leadership Beyond the Management Track,Will Larson,"Larson, Will",Tanya Reilly,"=""""","=""""",3,4.08,Will Larson,Kindle Edition,337,2021,,2022/04/21,2022/04/09,programming,programming (#103),read,,,,1,0
179133,Domain-Driven Design: Tackling Complexity in the Heart of Software,Eric Evans,"Evans, Eric",,"=""0321125215""","=""9780321125217""",3,4.15,Addison-Wesley Professional,Hardcover,560,2003,2003,2022/03/30,2022/02/26,programming,programming (#102),read,,,,1,0
1766063,The Zen Gun,Barrington J. Bayley,"Bayley, Barrington J.",,"=""0879978511""","=""9780879978518""",3,3.35,DAW,Paperback,159,1983,1983,2022/03/29,2022/03/15,fiction,fiction (#174),read,,,,1,0
54493401,Project Hail Mary,Andy Weir,"Weir, Andy",,"=""0593135202""","=""9780593135204""",3,4.52,Ballantine Books,Hardcover,476,2021,2021,2022/02/25,2022/01/30,fiction,fiction (#173),read,,,,1,0
40798,"Turtles, Termites, and Traffic Jams: Explorations in Massively Parallel Microworlds",Mitchel Resnick,"Resnick, Mitchel",,"=""0262680939""","=""9780262680936""",3,3.92,MIT Press,Paperback,184,1997,1994,2022/02/04,2021/10/13,programming,programming (#99),read,,,,1,0
40099266,Nix Pills,Bruno Luca,"Luca, Bruno",,"=""""","=""""",3,3.80,NixOS,ebook,265,2018,,2022/01/15,2022/01/01,programming,programming (#101),read,,,,1,0
8935689,"Consider Phlebas (Culture, #1)",Iain M. Banks,"Banks, Iain M.",,"=""1857231384""","=""9781857231380""",3,3.86,Orbit,Paperback,471,1988,1987,2021/12/29,2021/11/27,fiction,fiction (#172),read,,,,1,0
35492204,Adopting Elixir: From Concept to Production,Ben Marx,"Marx, Ben","José Valim, Bruce A. Tate","=""1680502522""","=""9781680502527""",3,4.33,Pragmatic Bookshelf,Paperback,275,2017,,2021/12/10,2021/11/04,"elixir, programming","elixir (#10), programming (#100)",read,,,,1,0
42343,Blind Man's Bluff: The Untold Story of American Submarine Espionage,Sherry Sontag,"Sontag, Sherry","Christopher Drew, Annette Lawrence Drew","=""006097771X""","=""9780060977719""",3,4.21,William Morrow Paperbacks,Paperback,432,2000,1998,2021/08/22,2021/04/23,non-fiction,non-fiction (#48),read,,,,1,0
7190,"The Three Musketeers (The D'Artagnan Romances, #1)",Alexandre Dumas,"Dumas, Alexandre","Richard Pevear, Philip Bates, William Barrow, August Zoller, Marisa Zini, Moshe Ukle, Pierre Toutain-Dorbec, John      Lee, Jacques Georges Clemenc Le Clercq, Natalie Montoto, S.M. Sheley, Daniel Rasmusson, Louis Jourdan, Walter Covell, Michael Page, Brett Helquist, Michael Hugh Johnson, Sylvie Thorel-Cailleteau, Milo Winter, Bill Homewood, Arthur Paul John Charles James Gore Sudley, S.N. Rizvi, Giorgio Manganelli, William Robson, Isabel Ely Lord, Александр Дюма","=""""","=""""",3,4.09,Modern Library,Paperback,625,2001,1844,2021/11/16,2021/11/06,fiction,fiction (#171),read,,,,1,0
18630,"The Player of Games (Culture, #2)",Iain M. Banks,"Banks, Iain M.",,"=""0061053562""","=""9780061053566""",4,4.27,HarperPrism,Paperback,293,1997,1988,2021/10/31,2021/10/30,fiction,fiction (#170),read,,,,1,0
102439,Rainbows End,Vernor Vinge,"Vinge, Vernor",,"=""0812536363""","=""9780812536362""",3,3.77,Tor Science Fiction,Paperback,381,2007,2006,2021/10/24,2021/10/10,fiction,fiction (#169),read,,,,1,0
18058001,Systems Performance: Enterprise and the Cloud,Brendan Gregg,"Gregg, Brendan",,"=""0133390098""","=""9780133390094""",4,4.50,Prentice Hall,Paperback,735,2013,2013,2021/10/12,2021/06/30,programming,programming (#98),read,,,,1,0
18154,The Cuckoo's Egg: Tracking a Spy Through the Maze of Computer Espionage,Clifford Stoll,"Stoll, Clifford",,"=""1416507787""","=""9781416507789""",4,4.27,Gallery Books,Paperback,399,2005,1989,2021/09/11,2021/08/29,non-fiction,non-fiction (#49),read,,,,1,0
394024,Ventus,Karl Schroeder,"Schroeder, Karl",,"=""0812576357""","=""9780812576351""",4,3.93,Tor Science Fiction,Paperback,672,2001,2000,2021/07/24,2021/07/04,fiction,fiction (#168),read,,,,1,0
51635102,BPF Performance Tools,Brendan Gregg,"Gregg, Brendan",,"=""0136554822""","=""9780136554820""",0,4.53,Addison-Wesley Professional,Paperback,880,2019,,,2021/06/26,currently-reading,currently-reading (#3),currently-reading,,,,1,0
582174,Theory of Constraints,Eliyahu M. Goldratt,"Goldratt, Eliyahu M.",,"=""0884271668""","=""9780884271666""",3,4.00,North River Pr,Paperback,160,1990,1990,2021/05/26,2021/05/14,non-fiction,non-fiction (#47),read,,,,1,0
8384010,Color and Light: A Guide for the Realist Painter,James Gurney,"Gurney, James",,"=""0740797719""","=""9780740797712""",3,4.20,Andrews McMeel Publishing,Paperback,224,2010,2010,2021/05/23,2021/04/17,non-fiction,non-fiction (#46),read,,,,1,0
34072,Jimmy Corrigan: The Smartest Kid on Earth,Chris Ware,"Ware, Chris",,"=""0224063979""","=""9780224063975""",2,4.09,Jonathan Cape,Paperback,380,2003,2000,2021/04/11,2021/04/02,comics,comics (#12),read,,,,1,0
1620069,The Art of Prolog: Advanced Programming Techniques,Leon Sterling,"Sterling, Leon",,"=""0262193388""","=""9780262193382""",4,3.94,MIT Press,Hardcover,,1994,1986,2021/04/02,2021/01/09,programming,programming (#97),read,,,,1,0
50202953,Piranesi,Susanna Clarke,"Clarke, Susanna",,"=""163557563X""","=""9781635575637""",4,4.25,Bloomsbury,Hardcover,245,2020,2020,2021/03/19,2021/03/08,fiction,fiction (#167),read,,,,1,0
25838602,Indian Mutual Funds Handbook,Sundar Sankaran,"Sankaran, Sundar",,"=""8170948363""","=""""",3,3.74,Vision Books,Paperback,352,2012,2012,2017/02/05,2017/01/06,economics,economics (#2),read,"From a newbie perspective, this book provides a nice introduction to the mutual fund. It explains the various terms and entities involved in mutual fund and how they fit together as a whole. The chapters about taxation, scheme classification and loads are instructive.<br/><br/>Some chapters discuss the quantitative calculation of risk, return and risk adjusted returns. I am unsure of the target audiences of these chapters as the methods are not discussed in depth. It mostly explains the how part, not the why part.",,,1,0
50840378,Truck de India!: A Hitchhiker's Guide to Hindustan,Rajat Ubhaykar,"Ubhaykar, Rajat",,"=""938679764X""","=""9789386797643""",3,4.26,Simon & Schuster India,Paperback,309,2019,,2021/02/23,2021/01/22,non-fiction,non-fiction (#45),read,,,,1,0
890,Of Mice and Men,John Steinbeck,"Steinbeck, John",,"=""0142000671""","=""9780142000670""",3,3.88,Penguin Books,Paperback,112,2002,1937,2021/01/09,2020/12/19,fiction,fiction (#166),read,,,,1,0
11612989,The Dictator's Handbook: Why Bad Behavior is Almost Always Good Politics,Bruce Bueno de Mesquita,"Mesquita, Bruce Bueno de",Alastair      Smith,"=""161039044X""","=""9781610390446""",3,4.28,PublicAffairs,Hardcover,321,2011,2011,2021/01/01,2020/11/02,politics,politics (#4),read,,,,1,0
25587882,Mastering Emacs,Mickey Petersen,"Petersen, Mickey",,"=""""","=""""",4,4.17,,ebook,314,2022,2015,2021/01/01,2020/12/26,programming,programming (#96),read,,,,1,0
38310,How Buildings Learn: What Happens After They're Built,Stewart Brand,"Brand, Stewart",,"=""0140139966""","=""9780140139969""",4,4.35,Penguin Books,Paperback,252,1995,1994,2020/12/18,2020/10/25,non-fiction,non-fiction (#44),read,,,,1,0
9276509,The Alchemist: A Graphic Novel,Derek Ruiz,"Ruiz, Derek","Paulo Coelho, Daniel Sampere","=""0062024329""","=""9780062024329""",3,3.85,HarperOne,Hardcover,208,2010,2010,2011/06/02,2011/06/08,"own, fiction, comics","own (#6), fiction (#2), comics (#5)",read,,,,1,1
13642,"A Wizard of Earthsea (Earthsea Cycle, #1)",Ursula K. Le Guin,"Guin, Ursula K. Le",,"=""0553383043""","=""9780553383041""",2,4.01,,Paperback,183,2004,1968,2020/11/25,2020/11/21,fiction,fiction (#165),read,,,,1,0
1807642,The Turing Option,Harry Harrison,"Harrison, Harry",Marvin Minsky,"=""0446364967""","=""9780446364966""",3,3.63,Grand Central Publishing,Paperback,409,1993,1992,2020/11/01,2020/10/23,fiction,fiction (#164),read,,,,1,0
44936,Refactoring: Improving the Design of Existing Code,Martin Fowler,"Fowler, Martin","Kent Beck, Don Roberts, Erich Gamma","=""0201485672""","=""9780201485677""",0,4.25,Addison-Wesley Professional,Hardcover,431,1999,1999,,2020/10/24,currently-reading,currently-reading (#2),currently-reading,,,,1,0
353,Time Enough for Love,Robert A. Heinlein,"Heinlein, Robert A.",,"=""""","=""""",3,3.97,Ace,Mass Market Paperback,589,1988,1973,2020/10/17,2020/09/15,fiction,fiction (#163),read,,,,1,0
42589303,Terraform: Up & Running: Writing Infrastructure as Code,Yevgeniy Brikman,"Brikman, Yevgeniy",,"=""1492046906""","=""9781492046905""",3,4.22,O'Reilly Media,Paperback,368,2019,,2020/10/02,2020/09/28,programming,programming (#95),read,,,,1,0
26759355,Kubernetes: Up & Running,Kelsey Hightower,"Hightower, Kelsey","Brendan Burns, Joe Beda","=""1491935677""","=""9781491935675""",3,4.04,O'Reilly,Paperback,202,2016,2016,2018/03/09,2018/03/01,"programming, distributed-systems","programming (#76), distributed-systems (#10)",read,,,,1,0
23529,From Hell,Alan Moore,"Moore, Alan","Eddie Campbell, Pete Mullins","=""0861661419""","=""9780861661411""",3,4.18,Knockabout Comics ,Paperback,576,2007,1999,2020/09/20,2020/09/03,comics,comics (#11),read,,,,1,0
7745,Fear and Loathing in Las Vegas,Hunter S. Thompson,"Thompson, Hunter S.",Ralph Steadman,"=""0679785892""","=""9780679785897""",4,4.07,Vintage Books,Paperback,204,1998,1971,2020/09/07,2020/09/01,fiction,fiction (#162),read,,,,1,0
1753248,Data and Reality,William Kent,"Kent, William",,"=""1585009709""","=""9781585009701""",2,3.97,Authorhouse,Paperback,,,1978,2020/08/28,2020/06/21,programming,programming (#94),read,,,,1,0
164154,"A Canticle for Leibowitz (St. Leibowitz, #1)",Walter M. Miller Jr.,"Jr., Walter M. Miller",Mary Doria Russell,"=""0060892994""","=""9780060892999""",3,3.98,HarperCollins EOS,Paperback,334,2006,1959,2020/08/15,2020/08/01,fiction,fiction (#161),read,,,,1,0
827,"The Diamond Age: Or, a Young Lady's Illustrated Primer",Neal Stephenson,"Stephenson, Neal",,"=""0553380966""","=""9780553380965""",3,4.16,Spectra,Paperback,499,2000,1995,2020/07/26,2020/06/27,fiction,fiction (#160),read,,,,1,0
662,Atlas Shrugged,Ayn Rand,"Rand, Ayn","Leonard Peikoff, Jan de Voogt","=""0452011876""","=""9780452011878""",3,3.69,Plume,Paperback,1168,1999,1957,2020/06/20,2020/05/18,"economics, fiction","economics (#7), fiction (#159)",read,,,,1,0
1031555,The Reasoned Schemer,Daniel P. Friedman,"Friedman, Daniel P.","William E. Byrd, Oleg Kiselyov","=""0262562146""","=""9780262562140""",4,4.25,MIT Press,Paperback,176,2005,2005,2020/05/17,2020/05/16,"programming, lisp","programming (#93), lisp (#7)",read,,,,1,0
2165,The Old Man and the Sea,Ernest Hemingway,"Hemingway, Ernest",,"=""0684830493""","=""9780684830490""",4,3.79,Scribner,Hardcover,96,1996,1952,2020/05/14,2020/05/10,fiction,fiction (#158),read,,,,1,0
106728,The Timeless Way of Building,Christopher W. Alexander,"Alexander, Christopher W.",,"=""0195024028""","=""9780195024029""",4,4.36,"Oxford University Press, USA",Hardcover,552,1979,1978,2020/05/09,2020/04/11,non-fiction,non-fiction (#43),read,,,,1,0
5297,The Picture of Dorian Gray,Oscar Wilde,"Wilde, Oscar",Jeffrey Eugenides,"=""""","=""""",4,4.11,Random House: Modern Library,Paperback,272,2004,1890,2020/03/31,2020/03/22,fiction,fiction (#157),read,,,,1,0
42389860,Practical TLA+: Planning Driven Development,Hillel Wayne,"Wayne, Hillel",,"=""""","=""""",3,3.86,Apress,Kindle Edition,248,2018,,2020/03/29,2020/03/24,programming,programming (#92),read,,,,1,0
310612,A Confederacy of Dunces,John Kennedy Toole,"Toole, John Kennedy",Walker Percy,"=""0802130208""","=""9780802130204""",3,3.88,Grove Press,Paperback,394,1994,1994,2020/03/10,2020/02/18,fiction,fiction (#156),read,,,,1,0
18737900,Designing Distributed Control Systems: A Pattern Language Approach,Veli-Pekka Eloranta,"Eloranta, Veli-Pekka","Johannes Koskinen, Marko Lepp?nen, Ville Reijonen","=""1118694155""","=""9781118694152""",0,3.20,Wiley,Hardcover,500,2014,2014,,2020/02/15,currently-reading,currently-reading (#1),currently-reading,,,,1,0
25451264,"Death's End (Remembrance of Earth’s Past, #3)",Liu Cixin,"Cixin, Liu",Ken Liu,"=""0765377101""","=""9780765377104""",5,4.43,TOR,Hardcover,604,2016,2010,2020/02/09,2020/01/24,fiction,fiction (#155),read,,,,1,0
23168817,"The Dark Forest (Remembrance of Earth’s Past, #2)",Liu Cixin,"Cixin, Liu","Eisso Post, Joel Martinsen, Bruno Roubicek, Richard Heufkens","=""""","=""""",4,4.41,Tor Books,Hardcover,512,2015,2008,2020/01/19,2020/01/11,fiction,fiction (#154),read,,,,1,0
20518872,"The Three-Body Problem (Remembrance of Earth’s Past, #1)",Liu Cixin,"Cixin, Liu",Ken Liu,"=""0765377063""","=""9780765377067""",4,4.08,Tor Books,Hardcover,399,2014,2006,2020/01/04,2019/12/29,fiction,fiction (#153),read,,,,1,0
17675119,Neurocomic,Hana Ros,"Ros, Hana",Matteo Farinella,"=""1907704701""","=""9781907704703""",2,3.60,Nobrow Press,Hardcover,144,2014,2013,2019/12/28,2019/12/28,comics,comics (#10),read,,,,1,0
39971446,Prometheus: Up & Running: Infrastructure and Application Performance Monitoring,Brian Brazil,"Brazil, Brian",,"=""1492034142""","=""9781492034148""",3,3.98,O'Reilly Media,Paperback,386,2018,,2019/12/26,2019/02/03,programming,programming (#91),read,,,,1,0
11644253,"Ponniyin Selvan - The Pinnacle of Sacrifice, Vol. 1",Kalki,"Kalki, Kalki",C.V. Karthik Narayanan,"=""0333933087""","=""9780333933084""",4,4.60,Macmillan India Limited,Paperback,274,2002,1954,2014/10/11,2014/10/11,"fiction, tamil","fiction (#71), tamil (#4)",read,,,,1,0
6520980,Ponniyin Selvan - The Crown,Kalki,"Kalki, Kalki",C.V. Karthik Narayanan,"=""0333933079""","=""9780333933077""",3,4.67,MacMillan Publishers India,Paperback,283,2001,1954,2014/09/28,2014/09/28,"fiction, tamil","fiction (#70), tamil (#7)",read,,,,1,0
156784,Permutation City (Subjective Cosmology #2),Greg Egan,"Egan, Greg",,"=""006105481X""","=""9780061054815""",4,4.08,HarperPrism,Paperback,352,1995,1994,2019/12/21,2019/12/16,fiction,fiction (#152),read,,,,1,0
16064703,"பொன்னியின் செல்வன், பாகம் 3: கொலை வாள்",Kalki,"Kalki, Kalki",,"=""""","=""""",4,4.69,கிழக்கு பதிப்பகம்,Hardcover,383,2012,1954,2014/09/19,2014/09/19,"fiction, tamil","fiction (#69), tamil (#3)",read,,,,1,0
16064693,"பொன்னியின் செல்வன், பாகம் 2: சுழற்காற்று",Kalki,"Kalki, Kalki",,"=""""","=""""",4,4.67,கிழக்கு பதிப்பகம்,,370,2012,1954,2014/08/31,2014/08/31,"fiction, tamil","fiction (#68), tamil (#2)",read,,,,1,0
76740,The Demolished Man,Alfred Bester,"Bester, Alfred",,"=""1857988221""","=""9781857988222""",3,3.98,Millennium,Paperback,250,1999,1953,2019/11/24,2019/11/23,fiction,fiction (#151),read,,,,1,0
816,Cryptonomicon,Neal Stephenson,"Stephenson, Neal",,"=""""","=""""",4,4.24,Avon,Mass Market Paperback,1152,2002,1999,2019/11/20,2019/09/15,fiction,fiction (#150),read,,,,1,0
18269572,The Book of Trees: Visualizing Branches of Knowledge,Manuel Lima,"Lima, Manuel",Ben Shneiderman,"=""1616892188""","=""9781616892180""",3,4.08,Princeton Architectural Press,Hardcover,208,2014,2014,2019/11/03,2019/07/28,visualization,visualization (#7),read,,,,1,0
27968891,Site Reliability Engineering: How Google Runs Production Systems,Betsy Beyer,"Beyer, Betsy","Chris     Jones, Jennifer Petoff, Niall Richard Murphy","=""149192912X""","=""9781491929124""",3,4.23,O'Reilly Media,Paperback,552,2016,2016,2019/09/28,2018/10/05,programming,programming (#90),read,,,,1,0
17255186,"The Phoenix Project: A Novel About IT, DevOps, and Helping Your Business Win",Gene Kim,"Kim, Gene","Kevin Behr, George Spafford","=""0988262592""","=""9780988262591""",3,4.27,IT Revolution Press,Hardcover,345,2013,2013,2019/09/18,2019/09/15,non-fiction,non-fiction (#42),read,,,,1,0
22131010,Lucene in Action,Michael McCandless,"McCandless, Michael","Eric Hatcher, Otis Godspodnetic","=""""","=""""",3,3.74,Manning Publications Co.,ebook,528,,,2019/08/24,2019/08/03,programming,programming (#89),read,,,,1,0
14836,Midnight's Children,Salman Rushdie,"Rushdie, Salman",Pavel Dominik,"=""0099578514""","=""9780099578512""",4,3.98,Vintage,Paperback,647,1995,1981,2019/08/09,2019/06/08,"fiction, politics","fiction (#149), politics (#3)",read,,,,1,0
1190262,"Computers & Typesetting, Volume A: The TeXBook",Donald Ervin Knuth,"Knuth, Donald Ervin",Duane Bibby,"=""0201134470""","=""9780201134476""",4,4.30,Addison-Wesley,Hardcover,483,1986,1984,2019/07/27,2019/06/16,programming,programming (#88),read,,,,1,0
25426365,http2 explained,Daniel Stenberg,"Stenberg, Daniel",,"=""""","=""""",3,3.83,,ebook,31,,,2019/07/22,2019/07/22,programming,programming (#87),read,,,,1,0
35009908,A Little Riak book 2.0,Eric     Redmond,"Redmond, Eric",John Daily,"=""""","=""""",3,3.12,basho,Paperback,138,2014,,2019/07/14,2019/07/12,"distributed-systems, programming","distributed-systems (#15), programming (#86)",read,,,,1,0
583796,Systemantics: How Systems Work and Especially How They Fail,John Gall,"Gall, John",,"=""0671819100""","=""9780671819101""",3,3.98,Pocket Books,Paperback,158,1978,1977,2019/06/30,2019/06/04,non-fiction,non-fiction (#41),read,,,,1,0
946677,The Method of Coordinates,Israel M. Gelfand,"Gelfand, Israel M.",,"=""0817635335""","=""9780817635336""",0,4.13,Birkhauser,Paperback,74,1990,1967,,2018/12/13,on-hold,on-hold (#9),on-hold,,,,0,0
331256,Roadside Picnic,Arkady Strugatsky,"Strugatsky, Arkady","Boris Strugatsky, Theodore Sturgeon, Antonina W. Bouis","=""0575070536""","=""9780575070530""",4,4.16,Gollancz,Paperback,145,2000,1972,2019/06/23,2019/06/22,fiction,fiction (#148),read,,,,1,0
106164,The Medical Detectives,Berton Roueché,"Roueché, Berton",,"=""0452265886""","=""9780452265882""",3,4.17,Plume,Paperback,432,1991,1980,2019/06/09,2018/12/29,non-fiction,non-fiction (#40),read,,,,1,0
33618151,Category Theory for Programmers,Bartosz Milewski,"Milewski, Bartosz",Igal Tabachnik,"=""""","=""""",0,4.23,,ebook,473,2018,2014,,2017/12/09,on-hold,on-hold (#8),on-hold,,,,0,0
74034,Amusing Ourselves to Death: Public Discourse in the Age of Show Business,Neil Postman,"Postman, Neil",Andrew Postman,"=""014303653X""","=""9780143036531""",4,4.15,Penguin Books,Paperback,184,2005,1985,2019/06/02,2019/05/31,non-fiction,non-fiction (#39),read,,,,1,0
21887577,The ERLANG Run-Time System,Erik Stenman,"Stenman, Erik",,"=""1449362125""","=""9781449362126""",3,4.00,O'Reilly Media,Paperback,250,2016,2014,2019/05/30,2019/05/16,"programming, elixir","programming (#85), elixir (#9)",read,,,,1,0
117833,The Master and Margarita,Mikhail Bulgakov,"Bulgakov, Mikhail","Katherine Tiernan O'Connor, Ellendea Proffer, Diana Lewis Burgin, Hans Fronius","=""0679760806""","=""9780679760801""",3,4.30,Vintage International,Paperback,372,1996,1967,2019/05/20,2019/04/13,fiction,fiction (#147),read,,,,1,0
34431414,Streaming Systems,Tyler Akidau,"Akidau, Tyler","Slava Chernyak, Reuven Lax","=""1491983876""","=""9781491983874""",4,3.90,O'Reilly Media,Paperback,352,2018,,2019/05/05,2019/04/28,"distributed-systems, programming","distributed-systems (#14), programming (#84)",read,,,,1,0
18702891,Google BigQuery Analytics,Jordan Tigani,"Tigani, Jordan",Siddartha Naidu,"=""1118824822""","=""9781118824825""",3,4.11,Wiley,Paperback,528,2014,2014,2019/04/13,2019/04/03,"programming, distributed-systems","programming (#83), distributed-systems (#13)",read,,,,1,0
40604658,"Jurassic Park (Jurassic Park, #1)",Michael Crichton,"Crichton, Michael",,"=""""","=""""",4,4.07,Ballantine Books,Kindle Edition,466,2012,1990,2019/04/04,2019/03/30,fiction,fiction (#146),read,,,,1,0
24075044,Clojure Applied: From Practice to Practitioner,Ben Vandgrift,"Vandgrift, Ben",Alex Miller,"=""""","=""""",3,4.07,The Pragmatic Bookshelf,ebook,238,2015,2015,2019/03/30,2019/03/24,programming,programming (#82),read,,,,1,0
167847,"Marooned in Realtime (Across Realtime, #2)",Vernor Vinge,"Vinge, Vernor",,"=""0765308843""","=""9780765308849""",5,4.10,Tor Books,Paperback,288,2004,1986,2019/03/17,2019/03/17,fiction,fiction (#145),read,,,,1,0
167845,"The Peace War (Across Realtime, #1)",Vernor Vinge,"Vinge, Vernor",,"=""0765308835""","=""9780765308832""",4,3.97,Tor Books,Paperback,306,2003,1984,2019/03/07,2019/03/07,fiction,fiction (#144),read,,,,1,0
2131099,Grimm's Household Stories,Jacob Grimm,"Grimm, Jacob","Wilhelm Grimm, Lucy Crane, Walter Crane","=""0831745827""","=""9780831745820""",3,3.95,Mayflower Books,Unknown Binding,269,1979,1812,2012/08/02,2012/07/23,fiction,fiction (#22),read,,,,1,0
394535,"Blood Meridian, or the Evening Redness in the West",Cormac McCarthy,"McCarthy, Cormac",,"=""""","=""""",4,4.16,Vintage Books,Paperback,351,1992,1985,2019/02/09,2019/01/05,fiction,fiction (#143),read,,,,1,0
83895,Computer Organization & Design: The Hardware/Software Interface,David A. Patterson,"Patterson, David A.",John L. Hennessy,"=""1558604286""","=""9781558604285""",0,3.97,Morgan Kaufmann Publishers,Hardcover,965,1997,1993,2018/11/04,2017/05/07,on-hold,on-hold (#7),on-hold,,,,0,0
19144780,Interactive Computer Graphics: A Top-Down Approach with WebGL,Edward Angel,"Angel, Edward",Dave Shreiner,"=""0133574849""","=""9780133574845""",0,3.00,Pearson,Hardcover,702,2014,2014,,2018/11/24,on-hold,on-hold (#6),on-hold,,,,0,0
3,"Harry Potter and the Sorcerer's Stone (Harry Potter, #1)",J.K. Rowling,"Rowling, J.K.",,"=""""","=""""",3,4.47,Scholastic Inc,Hardcover,309,2003,1997,2019/01/05,2019/01/05,fiction,fiction (#142),read,,,,1,0
37976541,Bad Blood: Secrets and Lies in a Silicon Valley Startup,John Carreyrou,"Carreyrou, John",,"=""""","=""""",4,4.41,Knopf Publishing Group,Hardcover,339,2018,2018,2018/12/25,2018/12/22,non-fiction,non-fiction (#38),read,,,,1,0
82120,The Worldly Philosophers,Robert L. Heilbroner,"Heilbroner, Robert L.",,"=""068486214X""","=""9780684862149""",4,4.15,Touchstone/Simon & Schuster (NY),Paperback,368,1999,1953,2018/12/23,2018/11/21,economics,economics (#6),read,,,,1,0
900892,A Random Walk Down Wall Street,Burton G. Malkiel,"Malkiel, Burton G.",,"=""0393325350""","=""9780393325355""",3,4.13,W. W. Norton  Company,Paperback,464,2004,1973,2018/12/08,2018/11/24,economics,economics (#5),read,,,,1,0
18626864,The Art of War,Sun Tzu,"Tzu, Sun",,"=""""","=""""",2,3.97,Adams Media,Kindle Edition,82,2009,-500,2018/11/24,2018/11/16,non-fiction,non-fiction (#37),read,,,,1,0
301563,The Recursive Universe: Cosmic Complexity and the Limits of Scientific Knowledge,William Poundstone,"Poundstone, William",,"=""0809252023""","=""9780809252022""",4,3.95,McGraw-Hill/Contemporary,Paperback,252,1985,1984,2018/01/27,2018/01/23,programming,programming (#74),read,,,,1,0
673488,Introduction to Logic: and to the Methodology of Deductive Sciences,Alfred Tarski,"Tarski, Alfred",,"=""048628462X""","=""9780486284620""",4,3.99,Dover Publications,Paperback,272,1995,1993,2016/02/24,2016/02/13,math,math (#1),read,,,,1,0
1032724,The Art of SQL,Stephane Faroult,"Faroult, Stephane",Peter Robson,"=""0596008945""","=""9780596008949""",2,3.99,O'Reilly Media,Paperback,370,2006,2006,2016/12/27,2015/10/05,programming,programming (#81),read,,,,1,0
840,The Design of Everyday Things,Donald A. Norman,"Norman, Donald A.",,"=""0465067107""","=""9780465067107""",4,4.16,Basic Books,Paperback,240,2002,1988,2012/12/10,2011/09/19,programming,programming (#35),read,,,,1,0
3368,Don't Make Me Think: A Common Sense Approach to Web Usability,Steve Krug,"Krug, Steve",,"=""0321344758""","=""9780321344755""",3,4.24,New Riders Publishing,Paperback,201,2005,2000,2011/07/25,2011/07/21,programming,programming (#17),read,,,,1,0
134825,The Cathedral & the Bazaar: Musings on Linux and Open Source by an Accidental Revolutionary,Eric S. Raymond,"Raymond, Eric S.",Bob Young,"=""0596001088""","=""9780596001087""",4,3.82,O'Reilly Media,Paperback,241,2001,1999,2010/11/30,2011/04/25,programming,programming (#12),read,,,,1,0
8608541,Hackers & Painters: Big Ideas from the Computer Age,Paul    Graham,"Graham, Paul",,"=""1449389554""","=""9781449389550""",4,4.06,O'Reilly Media,Paperback,272,2010,2004,2010/07/03,2011/04/25,programming,programming (#8),read,,,,1,0
23503006,Unflattening,Nick Sousanis,"Sousanis, Nick",,"=""0674744438""","=""9780674744431""",3,4.10,Harvard University Press,Paperback,208,2015,2015,2017/11/19,2017/10/28,"non-fiction, comics","non-fiction (#23), comics (#9)",read,,,,1,0
18182,A Theory of Fun for Game Design,Raph Koster,"Koster, Raph",Will Wright,"=""1932111972""","=""9781932111972""",4,3.93,O'Reilly Media,Paperback,279,2014,2004,2018/11/20,2018/11/07,non-fiction,non-fiction (#36),read,,,,1,0
4004178,Let Over Lambda,Doug Hoyte,"Hoyte, Doug",,"=""1435712757""","=""9781435712751""",5,4.03,Lulu.com,Paperback,384,2008,2008,2015/07/11,2011/09/19,"programming, lisp","programming (#49), lisp (#5)",read,,,,1,0
5152210,Financial Intelligence for Entrepreneurs: What You Really Need to Know About the Numbers,Karen Berman,"Berman, Karen",Joe Knight,"=""1422119157""","=""9781422119150""",3,4.13,Harvard Business Review Press,Paperback,262,2008,2008,2018/11/16,2018/11/01,"economics, non-fiction","economics (#4), non-fiction (#35)",read,,,,1,0
21611,"The Forever War (The Forever War, #1)",Joe Haldeman,"Haldeman, Joe",,"=""0060510862""","=""9780060510862""",5,4.14,Voyager,Paperback,278,2003,1974,2018/11/11,2018/11/07,fiction,fiction (#141),read,,,,1,0
112255,Essentials of Programming Languages,Daniel P. Friedman,"Friedman, Daniel P.","Mitchell Wand, Christopher T. Haynes","=""0262062178""","=""9780262062176""",0,3.97,MIT Press,Hardcover,389,2001,1992,,2011/04/25,"own, on-hold","own (#12), on-hold (#1)",on-hold,,,,0,1
1416957,Transaction Processing: Concepts and Techniques,Jim  Gray,"Gray, Jim",,"=""1558601902""","=""9781558601901""",5,4.41,Morgan Kaufmann Publishers,Hardcover,1070,1992,1992,2018/11/04,2018/02/17,"distributed-systems, programming","distributed-systems (#9), programming (#80)",read,,,,1,0
15195,The Complete Maus,Art Spiegelman,"Spiegelman, Art",,"=""0141014083""","=""9780141014081""",4,4.56,Penguin Books,Paperback,296,2003,1980,2018/11/03,2018/11/03,"non-fiction, comics","non-fiction (#34), comics (#8)",read,,,,1,0
28259132,Chaos Monkeys: Obscene Fortune and Random Failure in Silicon Valley,Antonio García Martínez,"Martínez, Antonio García",,"=""0062458191""","=""9780062458193""",3,3.71,Harper,Hardcover,528,2016,2016,2018/10/31,2018/10/27,non-fiction,non-fiction (#33),read,,,,1,0
94486,The Invention of Morel,Adolfo Bioy Casares,"Casares, Adolfo Bioy","Jorge Luis Borges, Ruth L.C. Simms, Suzanne Jill Levine, Norah Borges de Torre","=""1590170571""","=""9781590170571""",3,4.04,New York Review Books,Paperback,103,2003,1940,2018/10/11,2018/10/11,fiction,fiction (#140),read,,,,1,0
41149696,"Property-Based Testing with PropEr, Erlang, and Elixir",Fred Hebert,"Hebert, Fred",,"=""9781680506""","=""""",4,4.44,Pragmatic Bookshelf,,,2018,,2018/10/05,2018/09/22,"elixir, programming","elixir (#8), programming (#79)",read,,,,1,0
77711,"A Fire Upon the Deep (Zones of Thought, #1)",Vernor Vinge,"Vinge, Vernor",,"=""0812515285""","=""9780812515282""",5,4.13,Tor Science Fiction,Mass Market Paperback,613,1993,1992,2018/09/26,2018/09/23,fiction,fiction (#139),read,,,,1,0
1768603,The White Tiger,Aravind Adiga,"Adiga, Aravind",,"=""1416562591""","=""9781416562597""",3,3.76,Free Press,Hardcover,276,2008,2008,2018/09/15,2018/09/13,fiction,fiction (#138),read,,,,1,0
226004,"A Deepness in the Sky (Zones of Thought, #2)",Vernor Vinge,"Vinge, Vernor",,"=""0812536355""","=""9780812536355""",5,4.31,Tor Science Fiction,Mass Market Paperback,775,2000,1999,2018/09/07,2018/08/28,fiction,fiction (#137),read,,,,1,0
7090,The Soul of a New Machine,Tracy Kidder,"Kidder, Tracy",,"=""0316491977""","=""9780316491976""",4,4.12,Back Bay Books,Paperback,293,2000,1981,2018/08/25,2018/08/10,non-fiction,non-fiction (#32),read,,,,1,0
18079367,ZooKeeper: Distributed process coordination,Flavio Junqueira,"Junqueira, Flavio",Benjamin Reed,"=""1449361307""","=""9781449361303""",4,3.90,O'Reilly Media,Paperback,238,2013,2013,2018/08/19,2018/08/15,"distributed-systems, programming","distributed-systems (#12), programming (#78)",read,,,,1,0
50091,The Complete Robot,Isaac Asimov,"Asimov, Isaac",,"=""0586057242""","=""9780586057247""",4,4.33,Voyager/HarperCollins,Mass Market Paperback,688,1995,1982,2018/08/17,2018/08/14,fiction,fiction (#136),read,,,,1,0
27276428,The Gene: An Intimate History,Siddhartha Mukherjee,"Mukherjee, Siddhartha",,"=""""","=""""",4,4.35,Scribner,Hardcover,592,2016,2016,2018/08/04,2018/04/15,non-fiction,non-fiction (#31),read,,,,1,0
34646883,Monitoring with Graphite: Tracking Dynamic Host and Application Metrics at Scale,Jason Dixon,"Dixon, Jason",,"=""1491916834""","=""9781491916834""",2,2.50,O'Reilly Media,ebook,290,2017,2017,2018/07/28,2018/07/28,programming,programming (#77),read,,,,1,0
15700613,கள்ளிக்காட்டு இதிகாசம் [kallikattu ithikasam],Vairamuthu,"Vairamuthu, Vairamuthu",Vairamuthu,"=""""","=""""",4,4.13,,Hardcover,,,2001,2018/07/19,2018/06/12,tamil,tamil (#9),read,,,,1,0
402093,"Shōgun (Asian Saga, #1)",James Clavell,"Clavell, James",,"=""""","=""""",4,4.40,Dell,Paperback,1152,2009,1975,2018/07/07,2018/06/12,fiction,fiction (#135),read,,,,1,0
108583,The Corporation: The Pathological Pursuit of Profit and Power,Joel Bakan,"Bakan, Joel",,"=""0743247469""","=""9780743247467""",3,4.07,Free Press,Paperback,228,2005,2003,2018/06/10,2018/06/10,non-fiction,non-fiction (#30),read,,,,1,0
13651,"The Dispossessed (Hainish Cycle, #6)",Ursula K. Le Guin,"Guin, Ursula K. Le",,"=""""","=""""",4,4.23,Harper Voyager,Paperback,387,1994,1974,2018/05/20,2018/05/12,fiction,fiction (#134),read,,,,1,0
23754,"Preludes & Nocturnes (The Sandman, #1)",Neil Gaiman,"Gaiman, Neil","Sam Kieth, Mike Dringenberg, Malcolm Jones III, Todd Klein, Karen  Berger, Daniel Vozzo","=""1563892278""","=""9781563892271""",3,4.24,Vertigo,Hardcover,233,1998,1988,2018/04/29,2018/04/29,comics,comics (#7),read,,,,1,0
7465712,Karuvachi Kaaviyam,Vairamuthu,"Vairamuthu, Vairamuthu",,"=""""","=""""",4,4.10,,,334,,,2018/04/19,2018/04/19,tamil,tamil (#8),read,,,,2,0
29981,The Island of Dr. Moreau,H.G. Wells,"Wells, H.G.",Alan Lightman,"=""0553214322""","=""9780553214321""",3,3.73,Bantam Classics,Paperback,153,1999,1896,2018/04/08,2018/04/06,fiction,fiction (#133),read,,,,2,0
60113,"Making Comics: Storytelling Secrets of Comics, Manga and Graphic Novels",Scott McCloud,"McCloud, Scott",,"=""""","=""""",4,4.34,William Morrow Paperbacks,Paperback,264,2006,2006,2018/04/07,2018/03/24,comics,comics (#6),read,,,,1,0
226469,The Unteleported Man,Philip K. Dick,"Dick, Philip K.",,"=""042506252X""","=""9780425062524""",4,3.54,Berkley,Paperback,202,1983,1964,2018/04/03,2018/04/03,fiction,fiction (#132),read,,,,2,0
10138607,Habibi,Craig Thompson,"Thompson, Craig",,"=""0375424148""","=""9780375424144""",3,4.03,Pantheon,Hardcover,672,2011,2011,2013/03/16,2013/03/15,"fiction, comics","fiction (#45), comics (#4)",read,,,,1,0
6493321,Logicomix: An Epic Search for Truth,Apostolos Doxiadis,"Doxiadis, Apostolos","Apostolos Doxiadis, Christos H. Papadimitriou, Χρίστος Χ. Παπαδημητρίου, Alecos Papadatos, Annie Di Donna, Αλέκος Παπαδάτος","=""1596914521""","=""9781596914520""",4,4.05,Bloomsbury (NYC),Paperback,347,2009,2009,2013/06/02,2013/06/02,"non-fiction, comics","non-fiction (#10), comics (#3)",read,,,,1,0
102920,Understanding Comics: The Invisible Art,Scott McCloud,"McCloud, Scott",,"=""""","=""""",4,4.00,William Morrow Paperbacks,Paperback,215,1993,1993,2017/12/24,2017/12/16,comics,comics (#2),read,,,,1,0
472331,Watchmen,Alan Moore,"Moore, Alan","Dave Gibbons, John    Higgins","=""0930289234""","=""9780930289232""",4,4.37,DC Comics,Paperback,416,2005,1987,2018/03/30,2018/03/27,comics,comics (#1),read,,,,2,0
30165203,"American Gods (American Gods, #1)",Neil Gaiman,"Gaiman, Neil",,"=""""","=""""",2,4.11,William Morrow,Kindle Edition,635,2011,2001,2018/03/29,2018/03/01,fiction,fiction (#131),read,,,,2,0
8610067,சிவகாமியின் சபதம்,Kalki,"Kalki, Kalki",,"=""""","=""""",5,4.42,வானதி பதிப்பகம்,Hardcover,1136,2010,1944,2015/08/14,2015/08/06,"fiction, tamil","fiction (#129), tamil (#5)",read,,,,1,0
9789692,கள்வனின் காதலி [Kallvanin Kadhali],Kalki,"Kalki, Kalki",,"=""""","=""""",3,3.88,,,272,1985,1937,2015/10/11,2015/10/11,"fiction, tamil","fiction (#91), tamil (#6)",read,,,,1,0
1108124,"பொன்னியின் செல்வன், முழுத்தொகுப்பு",Kalki,"Kalki, Kalki",,"=""""","=""""",4,4.70,வானதி பதிப்பகம்,Hardcover,1452,2007,1954,2014/05/22,2014/05/21,"fiction, tamil","fiction (#57), tamil (#1)",read,,,,1,0
3828902,Thinking in Systems: A Primer,Donella H. Meadows,"Meadows, Donella H.",Diana       Wright,"=""1603580557""","=""9781603580557""",4,4.22,Chelsea Green Publishing,Paperback,240,2008,2008,2018/03/10,2018/01/27,non-fiction,non-fiction (#29),read,,,,1,0
537480,Letters to a Young Mathematician,Ian Stewart,"Stewart, Ian",,"=""0465082319""","=""9780465082315""",4,3.85,Perseus Books,Hardcover,210,2006,2006,2012/09/29,2012/09/17,math,math (#5),read,,,,1,0
375802,"Ender's Game (Ender's Saga, #1)",Orson Scott Card,"Card, Orson Scott",,"=""0812550706""","=""9780812550702""",4,4.31,Tor,Mass Market Paperback,324,2004,1985,2018/01/23,2018/01/21,fiction,fiction (#130),read,,,,1,0
9593,Galápagos,Kurt Vonnegut Jr.,"Jr., Kurt Vonnegut",,"=""0385333870""","=""9780385333870""",5,3.87,Dial Press,Paperback,324,1999,1985,2012/05/12,2012/04/30,fiction,fiction (#128),read,,,,1,0
7181921,"Guns, Germs, and Steel: The Fates of Human Societies",Jared Diamond,"Diamond, Jared",,"=""0393069222""","=""9780393069228""",4,4.04,W. W. Norton  Company,ebook,528,1999,1997,2011/05/25,2011/04/25,"own, non-fiction","own (#4), non-fiction (#28)",read,,,,1,1
18160,The Art of Deception: Controlling the Human Element of Security,Kevin D. Mitnick,"Mitnick, Kevin D.","William   L.    Simon, Steve Wozniak","=""076454280X""","=""9780764542800""",2,3.76,Wiley,Paperback,352,2003,2001,2018/01/17,2018/01/17,non-fiction,non-fiction (#27),read,,,,1,0
29771604,When Crime Pays: Money and Muscle in Indian Politics,Milan Vaishnav,"Vaishnav, Milan",,"=""0300216203""","=""9780300216202""",3,3.89,Yale University Press,Hardcover,440,2017,,2018/01/14,2018/01/13,"politics, non-fiction","politics (#2), non-fiction (#26)",read,,,,1,0
31921,Philosophy of Science: A Very Short Introduction,Samir Okasha,"Okasha, Samir",,"=""0192802836""","=""9780192802835""",3,3.94,"Oxford University Press, USA",Paperback,160,2002,2002,2017/11/20,2017/11/20,non-fiction,non-fiction (#24),read,,,,1,0
18621323,Apology,Plato,"Plato, Plato",Benjamin Jowett,"=""""","=""""",4,4.20,,Kindle Edition,42,2012,-399,2017/05/07,2017/05/06,non-fiction,non-fiction (#22),read,,,,1,0
1355465,How Fiction Works,James  Wood,"Wood, James",,"=""0374173400""","=""9780374173401""",3,4.00,"Farrar, Straus and Giroux",Paperback,265,2009,2008,2017/12/15,2017/12/15,non-fiction,non-fiction (#25),read,,,,1,0
11737352,Drawing on the Right Side of the Brain: The Definitive Edition,Betty Edwards,"Edwards, Betty",,"=""1585429201""","=""9781585429202""",3,3.87,TarcherPerigee,Paperback,284,2012,1979,2016/10/22,2016/10/22,non-fiction,non-fiction (#21),read,,,,1,0
567610,How to Read a Book: The Classic Guide to Intelligent Reading,Mortimer J. Adler,"Adler, Mortimer J.","Charles Van Doren, Inês Fortes de Oliveira","=""""","=""""",3,3.98,"Simon & Schuster, Inc",Paperback,426,1972,1940,2015/02/20,2015/02/20,non-fiction,non-fiction (#17),read,,,,1,0
20527133,"Superintelligence: Paths, Dangers, Strategies",Nick Bostrom,"Bostrom, Nick",,"=""0199678111""","=""9780199678112""",4,3.86,Oxford University Press,Hardcover,352,2014,2014,2016/02/13,2015/12/14,non-fiction,non-fiction (#18),read,,,,1,0
7015635,Food Rules: An Eater's Manual,Michael Pollan,"Pollan, Michael",,"=""014311638X""","=""9780143116387""",3,3.99,Penguin Books,Paperback,152,2009,2008,2016/04/21,2016/04/20,non-fiction,non-fiction (#19),read,,,,1,0
25798014,"the blueprint: Your Financial Questions, Answered",Abhik Prasad,"Prasad, Abhik",Ankur Kapur,"=""""","=""""",3,3.00,FINQA,Paperback,160,2015,2015,2016/04/29,2016/04/29,non-fiction,non-fiction (#20),read,,,,1,0
2094,A Briefer History of Time,Stephen Hawking,"Hawking, Stephen",Leonard Mlodinow,"=""0553804367""","=""9780553804362""",4,4.25,Bantam,Hardcover,176,2005,2005,2015/02/07,2015/01/07,"own, non-fiction","own (#19), non-fiction (#15)",read,,,,1,0
461104,The Ascent of Man,Jacob Bronowski,"Bronowski, Jacob",,"=""0316109339""","=""9780316109338""",4,4.20,Little Brown and Company,Paperback,520,1976,1973,2014/11/16,2014/11/16,non-fiction,non-fiction (#14),read,,,,1,0
13036196,"Thinking, Fast and Slow",Daniel Kahneman,"Kahneman, Daniel",,"=""1846146062""","=""9781846146060""",4,4.18,Allen Lane,Paperback,504,2011,2011,2014/09/07,2014/08/24,non-fiction,non-fiction (#12),read,,,,1,0
20604826,Flash Boys: A Wall Street Revolt,Michael   Lewis,"Lewis, Michael",,"=""0393244660""","=""9780393244663""",3,4.14,W. W. Norton  Company,Hardcover,274,2014,2014,2014/10/04,2014/10/03,non-fiction,non-fiction (#13),read,,,,1,0
356824,India After Gandhi: The History of the World's Largest Democracy,Ramachandra Guha,"Guha, Ramachandra",,"=""0060198818""","=""9780060198817""",5,4.39,Ecco,Hardcover,912,2007,2007,2015/09/09,2015/02/01,"own, politics, non-fiction","own (#20), politics (#1), non-fiction (#16)",read,,,,1,0
218099,"The Infinite Book: A Short Guide to the Boundless, Timeless and Endless",John D. Barrow,"Barrow, John D.",,"=""1400032245""","=""9781400032242""",2,3.90,Vintage Books,Paperback,352,2006,2005,2013/12/20,2013/12/20,non-fiction,non-fiction (#11),read,,,,1,0
51291,How to Lie with Statistics,Darrell Huff,"Huff, Darrell",Irving Geis,"=""0393310728""","=""9780393310726""",2,3.85,W. W. Norton & Company,Paperback,142,1982,1954,2013/04/28,2013/04/28,"own, non-fiction","own (#18), non-fiction (#9)",read,,,,1,0
11797365,Escape from Camp 14: One Man's Remarkable Odyssey from North Korea to Freedom in the West,Blaine Harden,"Harden, Blaine",,"=""0670023329""","=""9780670023325""",3,3.99,Viking,Hardcover,205,2012,2012,2013/04/01,2013/03/31,non-fiction,non-fiction (#8),read,,,,1,0
123471,I Am a Strange Loop,Douglas R. Hofstadter,"Hofstadter, Douglas R.",,"=""0465030785""","=""9780465030781""",3,3.95,Basic Books (AZ),Hardcover,412,2007,2007,2011/10/29,2011/08/02,"own, non-fiction","own (#8), non-fiction (#5)",read,,,,1,1
61535,The Selfish Gene,Richard Dawkins,"Dawkins, Richard",,"=""0199291152""","=""9780199291151""",4,4.15,Oxford University Press,Paperback,360,2006,1976,2012/01/21,2011/11/05,"own, non-fiction","own (#11), non-fiction (#6)",read,,,,1,1
1202,Freakonomics: A Rogue Economist Explores the Hidden Side of Everything,Steven D. Levitt,"Levitt, Steven D.",Stephen J. Dubner,"=""0061234001""","=""9780061234002""",3,4.00,William Morrow,Hardcover,268,2006,2005,2012/06/30,2012/01/17,non-fiction,non-fiction (#7),read,,,,1,0
24113,"Gödel, Escher, Bach: An Eternal Golden Braid",Douglas R. Hofstadter,"Hofstadter, Douglas R.",,"=""0465026567""","=""9780465026562""",5,4.29,Basic Books,Paperback,756,1999,1979,2011/04/02,2011/04/25,"own, non-fiction","own (#2), non-fiction (#2)",read,,,,1,1
1713426,Predictably Irrational: The Hidden Forces That Shape Our Decisions,Dan Ariely,"Ariely, Dan",,"=""""","=""""",4,4.12,HarperCollins Canada ,Hardcover,247,2008,2008,2011/07/31,2011/07/21,non-fiction,non-fiction (#4),read,,,,1,0
5544,"Surely You're Joking, Mr. Feynman!: Adventures of a Curious Character",Richard P. Feynman,"Feynman, Richard P.","Микола Климчук, 理查·費曼, 吳程遠","=""0393316041""","=""9780393316049""",5,4.27,W. W. Norton & Company,Paperback,391,1997,1985,2011/06/18,2011/05/25,"own, non-fiction","own (#5), non-fiction (#3)",read,,,,1,1
10140462,Zen and the Art of Motorcycle Maintenance: An Inquiry Into Values,Robert M. Pirsig,"Pirsig, Robert M.",,"=""0061907995""","=""9780061907999""",4,3.78,HarperCollins e-books,ebook,448,2009,1974,2010/10/31,2011/04/25,non-fiction,non-fiction (#1),read,,,,1,0
1199688,Babel-17,Samuel R. Delany,"Delany, Samuel R.",,"=""0839823282""","=""9780839823285""",4,3.74,Gregg Press,Hardcover,192,1978,1966,2018/02/24,2018/02/17,fiction,fiction (#126),read,,,,1,0
581125,The Minority Report,Philip K. Dick,"Dick, Philip K.",,"=""0375421874""","=""9780375421877""",4,3.84,Pantheon Books,Hardcover,103,2002,1956,2018/03/04,2018/03/04,fiction,fiction (#127),read,,,,1,0
1280983,True Names,Vernor Vinge,"Vinge, Vernor","Bob Walters, Marvin Minsky","=""0312944446""","=""9780312944445""",4,3.89,Bluejay Books,Paperback,153,1984,2003,2017/10/27,2017/10/23,fiction,fiction (#121),read,,,,1,0
4671,The Great Gatsby,F. Scott Fitzgerald,"Fitzgerald, F. Scott",,"=""""","=""""",3,3.93,Scribner,Paperback,180,2004,1925,2017/12/27,2017/12/27,fiction,fiction (#124),read,,,,1,0
32585,Hunger,Knut Hamsun,"Hamsun, Knut","George Egerton, Siegfried Weibel","=""0486431681""","=""9780486431680""",5,4.06,Dover Publications,Paperback,134,2003,1890,2017/12/04,2017/12/04,fiction,fiction (#123),read,,,,1,0
830,Snow Crash,Neal Stephenson,"Stephenson, Neal",,"=""0553380958""","=""9780553380958""",3,4.03,Bantam Books,Paperback,438,2000,1992,2018/02/16,2018/02/04,fiction,fiction (#125),read,,,,1,0
736131,"The Valley of Fear (Sherlock Holmes, #7)",Arthur Conan Doyle,"Doyle, Arthur Conan",David Timson,"=""9626344245""","=""9789626344248""",3,3.97,Naxos Audiobooks,Audio CD,96,2007,1915,2017/11/15,2017/11/14,fiction,fiction (#122),read,,,,1,0
29580,"Second Foundation (Foundation, #3)",Isaac Asimov,"Asimov, Isaac",,"=""0553803735""","=""9780553803730""",3,4.26,Bantam Spectra,Hardcover,256,2004,1953,2017/10/06,2017/10/03,fiction,fiction (#119),read,,,,1,0
29581,"Foundation and Empire (Foundation, #2)",Isaac Asimov,"Asimov, Isaac",,"=""0553803727""","=""9780553803723""",3,4.22,Spectra Books,Hardcover,244,2004,1952,2017/10/02,2017/10/03,fiction,fiction (#118),read,,,,1,0
18373,Flowers for Algernon,Daniel Keyes,"Keyes, Daniel",,"=""""","=""""",4,4.18,Harvest Books,Paperback,311,2005,1959,2017/09/23,2017/09/22,fiction,fiction (#116),read,,,,1,0
16690,The Moon Is a Harsh Mistress,Robert A. Heinlein,"Heinlein, Robert A.",,"=""0340837942""","=""9780340837948""",4,4.16,Hodder & Stoughton,Paperback,288,2005,1966,2017/10/21,2017/10/08,fiction,fiction (#120),read,,,,1,0
5129,Brave New World,Aldous Huxley,"Huxley, Aldous",,"=""0060929871""","=""9780060929879""",4,3.99,HarperPerennial / Perennial Classics,Paperback,268,1998,1932,2017/09/09,2017/09/08,fiction,fiction (#115),read,,,,1,0
29579,"Foundation (Foundation, #1)",Isaac Asimov,"Asimov, Isaac",,"=""0553803719""","=""9780553803716""",5,4.17,Bantam,Hardcover,244,2004,1951,2017/09/30,2017/09/29,fiction,fiction (#117),read,,,,1,0
77566,"Hyperion (Hyperion Cantos, #1)",Dan Simmons,"Simmons, Dan","Gary Ruddell, Gaetano Luigi Staffilano","=""0553283685""","=""9780553283686""",5,4.25,Bantam Doubleday Dell Publishing Group,Mass Market Paperback,500,1990,1989,2017/06/19,2017/05/23,fiction,fiction (#112),read,,,,1,0
77565,"The Fall of Hyperion (Hyperion Cantos, #2)",Dan Simmons,"Simmons, Dan",,"=""0553288202""","=""9780553288209""",5,4.22,Spectra Books,Mass Market Paperback,517,1995,1990,2017/07/28,2017/06/25,fiction,fiction (#113),read,,,,1,0
7624,Lord of the Flies,William Golding,"Golding, William",,"=""0140283331""","=""9780140283334""",3,3.69,Penguin Books ,Paperback,182,1999,1954,2017/05/14,2017/05/14,fiction,fiction (#111),read,,,,1,0
209525,The Purple Cloud,M.P. Shiel,"Shiel, M.P.",John Clute,"=""0803292791""","=""9780803292796""",3,3.42,Bison Books,Paperback,296,2000,1901,2017/05/04,2017/05/03,fiction,fiction (#110),read,,,,1,0
194366,"The Return of Sherlock Holmes (Sherlock Holmes, #6)",Arthur Conan Doyle,"Doyle, Arthur Conan","Owen Dudley Edwards, Angus Wilson, Richard Lancelyn Green","=""0192123173""","=""9780192123176""",3,4.29,Oxford University Press,Hardcover,455,1993,1905,2017/08/22,2017/08/22,fiction,fiction (#114),read,,,,1,0
194373,"The Memoirs of Sherlock Holmes (Sherlock Holmes, #4)",Arthur Conan Doyle,"Doyle, Arthur Conan","Owen Dudley Edwards, Christopher Roden","=""""","=""""",4,4.31,Oxford University Press,Hardcover,321,1993,1893,2017/04/05,2017/04/06,fiction,fiction (#108),read,,,,1,0
8921,"The Hound of the Baskervilles (Sherlock Holmes, #5)",Arthur Conan Doyle,"Doyle, Arthur Conan","Anne Perry, Lígia Junqueira, Mark Hallaq","=""""","=""""",5,4.13,Signet,Mass Market Paperback,256,2001,1901,2017/04/16,2017/04/15,fiction,fiction (#109),read,,,,1,0
18626849,Stories of Your Life and Others,Ted Chiang,"Chiang, Ted",,"=""""","=""""",4,4.25,Vintage,Kindle Edition,368,2010,2002,2017/03/24,2017/02/18,fiction,fiction (#107),read,,,,1,0
3590,"The Adventures of Sherlock Holmes (Sherlock Holmes, #3)",Arthur Conan Doyle,"Doyle, Arthur Conan",,"=""""","=""""",4,4.30,Oxford University Press,Paperback,389,1998,1892,2017/02/12,2017/02/12,fiction,fiction (#106),read,,,,1,0
102868,"A Study in Scarlet (Sherlock Holmes, #1)",Arthur Conan Doyle,"Doyle, Arthur Conan",,"=""1420925539""","=""9781420925531""",3,4.14,Digireads.com,Paperback,123,2005,1887,2017/01/12,2017/01/12,fiction,fiction (#104),read,,,,1,0
608474,"The Sign of Four (Sherlock Holmes, #2)",Arthur Conan Doyle,"Doyle, Arthur Conan",Peter Ackroyd,"=""0140439072""","=""9780140439076""",4,3.91,Penguin Books,Paperback,129,2001,1890,2017/01/22,2017/01/21,fiction,fiction (#105),read,,,,1,0
18512,"The Return of the King (The Lord of the Rings, #3)",J.R.R. Tolkien,"Tolkien, J.R.R.",Maria Skibniewska,"=""""","=""""",4,4.55,Del Rey,Mass Market Paperback,404,2003,1955,2017/01/07,2016/12/27,fiction,fiction (#103),read,,,,1,0
34,"The Fellowship of the Ring (The Lord of the Rings, #1)",J.R.R. Tolkien,"Tolkien, J.R.R.","Francis Ledoux, Maria Skibniewska","=""0618346252""","=""9780618346257""",4,4.38,Houghton Mifflin Harcourt,Paperback,398,2003,1954,2016/10/07,2016/09/05,fiction,fiction (#101),read,,,,1,0
15241,"The Two Towers (The Lord of the Rings, #2)",J.R.R. Tolkien,"Tolkien, J.R.R.","Peter S. Beagle, Дж.Р.Р. Толкін, Аліна Немірова, П. Риженко","=""0618346260""","=""9780618346264""",5,4.47,Houghton Mifflin,Paperback,322,2003,1954,2016/12/04,2016/12/03,fiction,fiction (#102),read,,,,1,0
7604,Lolita,Vladimir Nabokov,"Nabokov, Vladimir",Craig Raine,"=""""","=""""",3,3.88,Penguin,Paperback,331,1995,1955,2016/04/07,2016/02/13,fiction,fiction (#98),read,,,,1,0
343,Perfume: The Story of a Murderer,Patrick Süskind,"Süskind, Patrick",John E. Woods,"=""0140120831""","=""9780140120837""",4,4.03,Penguin Books,Paperback,263,1987,1985,2016/06/19,2016/06/19,fiction,fiction (#99),read,,,,1,0
149267,The Stand,Stephen King,"King, Stephen",Bernie Wrightson,"=""""","=""""",4,4.34,Doubleday Books,Hardcover,1152,1990,1978,2016/08/27,2016/06/19,fiction,fiction (#100),read,,,,1,0
2767052,"The Hunger Games (The Hunger Games, #1)",Suzanne Collins,"Collins, Suzanne",,"=""0439023483""","=""9780439023481""",3,4.32,Scholastic Press,Hardcover,374,2008,2008,2015/12/23,2015/12/23,fiction,fiction (#96),read,,,,1,0
350,Stranger in a Strange Land,Robert A. Heinlein,"Heinlein, Robert A.",James Warhola,"=""""","=""""",4,3.92,Ace,Paperback,525,1991,1961,2016/01/16,2016/01/01,fiction,fiction (#97),read,,,,1,0
24285690,The Little Prince (Unabridged),Antoine de Saint-Exupéry,"Saint-Exupéry, Antoine de",,"=""""","=""""",3,4.32,Antoine De Saint-exupery,Kindle Edition,,2015,1943,2015/11/09,2015/11/09,fiction,fiction (#93),read,,,,1,0
6481280,Red Plenty,Francis Spufford,"Spufford, Francis",,"=""0571225233""","=""9780571225231""",5,4.08,Faber and Faber,Hardcover,434,2010,2010,2015/11/16,2015/11/16,fiction,fiction (#94),read,,,,1,0
320,One Hundred Years of Solitude,Gabriel García Márquez,"Márquez, Gabriel García",Gregory Rabassa,"=""""","=""""",4,4.10,Harper,Mass Market Paperback,417,2003,1967,2015/11/01,2015/10/11,fiction,fiction (#92),read,,,,1,0
332613,One Flew Over the Cuckoo's Nest,Ken Kesey,"Kesey, Ken",,"=""""","=""""",4,4.20,Signet,Mass Market Paperback,325,1963,1962,2015/12/13,2015/12/13,fiction,fiction (#95),read,,,,1,0
485894,The Metamorphosis,Franz Kafka,"Kafka, Franz",Stanley Corngold,"=""""","=""""",4,3.84,Bantam Classics,Paperback,201,1972,1915,2015/08/25,2015/08/25,fiction,fiction (#89),read,,,,1,0
76778,The Martian Chronicles,Ray Bradbury,"Bradbury, Ray",,"=""0553278223""","=""9780553278224""",3,4.15,Bantam/Spectra,Mass Market Paperback,182,1984,1950,2015/07/08,2015/07/08,fiction,fiction (#87),read,,,,1,0
18386,The Death of Ivan Ilych,Leo Tolstoy,"Tolstoy, Leo","Aylmer Maude, Louise Maude","=""1600964338""","=""9781600964336""",4,4.12,Waking Lion Press,Paperback,86,2006,1886,2015/07/25,2015/07/25,fiction,fiction (#88),read,,,,1,0
14817,A Scanner Darkly,Philip K. Dick,"Dick, Philip K.",,"=""057507681X""","=""9780575076815""",4,4.02,Gollancz,Paperback,219,2006,1977,2015/09/19,2015/09/09,fiction,fiction (#90),read,,,,1,0
15823480,Anna Karenina,Leo Tolstoy,"Tolstoy, Leo","Aylmer Maude, Louise Maude, Dieter Wellershoff, Bruno Goetz, Lev Tolstoj, Léon Tolstoï","=""""","=""""",3,4.08,Vintage,Paperback,964,2012,1878,2015/06/21,2015/05/30,fiction,fiction (#86),read,,,,1,0
13498,A Song for Lya: And Other Stories,George R.R. Martin,"Martin, George R.R.",,"=""1930235119""","=""9781930235113""",4,3.92,Babbage Press,Paperback,228,2001,1976,2015/04/04,2015/04/04,fiction,fiction (#83),read,,,,1,0
1262916,Canterbury Tales,Geoffrey Chaucer,"Chaucer, Geoffrey","R.M. Lumiansky, Mark Van Doren","=""0671727699""","=""9780671727697""",3,3.52,Simon & Schuster,Paperback,480,1990,1400,2015/05/16,2015/05/16,fiction,fiction (#85),read,,,,1,0
18007564,The Martian,Andy Weir,"Weir, Andy",,"=""0804139024""","=""9780804139021""",3,4.41,Crown,Hardcover,384,2014,2011,2015/04/02,2015/04/01,fiction,fiction (#82),read,,,,1,0
162,Untouchable,Mulk Raj Anand,"Anand, Mulk Raj",E.M. Forster,"=""0140183957""","=""9780140183955""",3,3.73,Penguin Books,Paperback,160,1990,1935,2015/04/26,2015/04/25,"own, fiction","own (#21), fiction (#84)",read,,,,1,0
4936457,The Time Traveller's Guide to Medieval England: A Handbook for Visitors to the Fourteenth Century,Ian Mortimer,"Mortimer, Ian",,"=""0224079948""","=""9780224079945""",3,3.99,The Bodley Head,Hardcover,319,2008,2008,2015/03/14,2015/03/14,fiction,fiction (#81),read,,,,1,0
78411,"The Bad Beginning (A Series of Unfortunate Events, #1)",Lemony Snicket,"Snicket, Lemony",Brett Helquist,"=""0439206472""","=""9780439206471""",2,3.99,"Scholastic, Inc.",Paperback,176,1999,1999,2015/01/11,2015/01/11,fiction,fiction (#78),read,,,,1,0
7126,The Count of Monte Cristo,Alexandre Dumas,"Dumas, Alexandre",Robin Buss,"=""0140449264""","=""9780140449266""",4,4.28,Penguin Classics,Paperback,1276,2003,1844,2015/01/04,2014/12/23,fiction,fiction (#77),read,,,,1,0
17690,The Trial,Franz Kafka,"Kafka, Franz","Max Brod, Willa Muir, Edwin Muir","=""""","=""""",4,3.96,Vintage,Paperback,255,2001,1925,2015/01/25,2015/01/25,fiction,fiction (#79),read,,,,1,0
11047925,"Moby Dick; or, the White Whale",Herman Melville,"Melville, Herman",,"=""""","=""""",3,3.53,,Kindle Edition,549,2011,1851,2014/12/21,2014/12/06,fiction,fiction (#76),read,,,,1,0
28676,American Psycho,Bret Easton Ellis,"Ellis, Bret Easton",,"=""0679735771""","=""9780679735779""",2,3.82,Vintage Contemporaries / Random House,Paperback,399,1991,1991,2015/02/02,2015/02/01,fiction,fiction (#80),read,,,,1,0
52036,Siddhartha,Hermann Hesse,"Hesse, Hermann","Hilda Rosner, Zigmantas Ardickas","=""""","=""""",3,4.05,Bantam Books,Mass Market Paperback,152,1981,1922,2014/11/12,2014/11/11,fiction,fiction (#74),read,,,,1,0
2526,Blindness,José Saramago,"Saramago, José",Giovanni Pontiero,"=""""","=""""",4,4.16,Houghton Mifflin Harcourt Publishing Company,Paperback,326,1999,1996,2014/11/22,2014/11/22,"own, fiction","own (#16), fiction (#75)",read,,,,1,1
234225,Dune (Dune #1),Frank Herbert,"Herbert, Frank",,"=""0340839937""","=""9780340839935""",5,4.25,Hodder & Stoughton,Paperback,604,2006,1965,2014/10/27,2014/10/26,fiction,fiction (#72),read,,,,1,0
11,"The Hitchhiker's Guide to the Galaxy (Hitchhiker's Guide to the Galaxy, #1)",Douglas Adams,"Adams, Douglas",,"=""""","=""""",4,4.23,Del Rey Books,Mass Market Paperback,216,2005,1979,2014/11/02,2014/11/02,fiction,fiction (#73),read,,,,1,0
17470674,Fahrenheit 451,Ray Bradbury,"Bradbury, Ray",,"=""0007491565""","=""9780007491568""",3,3.98,Harper Voyager,Hardcover,227,2013,1953,2014/08/03,2014/08/02,fiction,fiction (#66),read,,,,1,0
11692391,Gaban,Munshi Premchand,"Premchand, Munshi",मुंशी प्रेमचंद,"=""8122311962""","=""9788122311969""",4,4.31,Cedar Books,Paperback,272,2011,1931,2014/08/14,2014/08/14,fiction,fiction (#67),read,,,,1,0
4979,A Man Without a Country,Kurt Vonnegut Jr.,"Jr., Kurt Vonnegut",Daniel Simon,"=""081297736X""","=""9780812977363""",3,4.08,Random House Trade Paperbacks,Paperback,160,2007,2005,2014/07/26,2014/07/27,fiction,fiction (#65),read,,,,1,0
11970747,The Hedge Knight,George R.R. Martin,"Martin, George R.R.",,"=""""","=""""",3,4.26,,ebook,85,2005,1998,2014/07/13,2014/07/13,fiction,fiction (#61),read,,,,1,0
11350430,"The Mystery Knight (The Tales of Dunk and Egg, #3)",George R.R. Martin,"Martin, George R.R.",,"=""""","=""""",3,4.22,,ebook,104,2010,2010,2014/07/18,2014/07/18,fiction,fiction (#63),read,,,,1,0
382450,Fevre Dream,George R.R. Martin,"Martin, George R.R.",,"=""0553383051""","=""9780553383058""",4,3.89,Bantam,Paperback,334,2004,1982,2014/07/21,2014/07/21,fiction,fiction (#64),read,,,,1,0
11985631,"The Sworn Sword (The Tales of Dunk and Egg, #2)",George R.R. Martin,"Martin, George R.R.",,"=""""","=""""",3,4.10,,ebook,81,2011,2003,2014/07/15,2014/07/15,fiction,fiction (#62),read,,,,1,0
14064,I Am Legend,Richard Matheson,"Matheson, Richard",,"=""1857988094""","=""9781857988093""",4,4.06,Millennium,Paperback,160,1999,1954,2014/07/09,2014/07/09,fiction,fiction (#60),read,,,,1,0
14201,Jonathan Strange & Mr Norrell,Susanna Clarke,"Clarke, Susanna",,"=""""","=""""",4,3.85,Tor Books,Paperback,1006,2006,2004,2014/06/15,2014/06/14,fiction,fiction (#59),read,,,,1,0
156775,Quarantine,Greg Egan,"Egan, Greg",,"=""0061054232""","=""9780061054235""",4,3.90,HarperPrism,Paperback,280,1995,1992,2014/04/27,2014/04/27,fiction,fiction (#56),read,,,,1,0
19301931,Godan,Munshi Premchand,"Premchand, Munshi","Jai Ratan, Purushottama Lal","=""""","=""""",5,4.38,Jaico Publishing House,Kindle Edition,352,2013,1936,2014/05/29,2014/05/29,fiction,fiction (#58),read,,,,1,0
2493,The Time Machine,H.G. Wells,"Wells, H.G.","Greg Bear, Carlo Pagetti","=""""","=""""",4,3.90,Signet Classics,Paperback,118,2002,1895,2013/09/24,2013/09/24,fiction,fiction (#52),read,,,,1,0
7082,Do Androids Dream of Electric Sheep?,Philip K. Dick,"Dick, Philip K.",Roger Zelazny,"=""0345404475""","=""9780345404473""",3,4.09,Del Rey / Ballantine Books,Paperback,244,1996,1968,2014/03/22,2014/03/23,fiction,fiction (#55),read,,,,1,0
295,Treasure Island,Robert Louis Stevenson,"Stevenson, Robert Louis",N.C. Wyeth,"=""0753453800""","=""9780753453803""",3,3.84,Kingfisher,Hardcover,311,2001,1883,2014/03/07,2014/03/06,fiction,fiction (#54),read,,,,1,0
2890090,"The Republic of Thieves (Gentleman Bastard, #3)",Scott Lynch,"Lynch, Scott",,"=""0553804693""","=""9780553804690""",4,4.22,Del Rey,Hardcover,650,2013,2013,2013/11/27,2013/11/27,fiction,fiction (#53),read,,,,1,0
8909,The War of the Worlds,H.G. Wells,"Wells, H.G.",Arthur C. Clarke,"=""0375759239""","=""9780375759239""",4,3.83,Modern Library,Paperback,192,2002,1897,2013/08/11,2013/07/27,fiction,fiction (#50),read,,,,1,0
22328,"Neuromancer (Sprawl, #1)",William Gibson,"Gibson, William","Gianpaolo Cossato, Sandro Sandrelli, Franco Forte","=""""","=""""",3,3.90,Ace Books,Mass Market Paperback,271,1984,1984,2013/07/21,2013/06/30,fiction,fiction (#49),read,,,,1,0
49552,The Stranger,Albert Camus,"Camus, Albert",Matthew  Ward,"=""""","=""""",4,4.01,Vintage International,Paperback,159,1989,1942,2013/09/15,2013/09/15,fiction,fiction (#51),read,,,,1,0
6425904,"The Lies of Locke Lamora (Gentleman Bastard, #1)",Scott Lynch,"Lynch, Scott",,"=""0553902717""","=""9780553902716""",4,4.29,Random House,ebook,512,2006,2006,2013/05/18,2013/05/04,fiction,fiction (#47),read,,,,1,0
887877,"Red Seas Under Red Skies (Gentleman Bastard, #2)",Scott Lynch,"Lynch, Scott",,"=""0553804685""","=""9780553804683""",3,4.24,Bantam Spectra,Hardcover,558,2007,2007,2013/06/24,2013/06/25,fiction,fiction (#48),read,,,,1,0
169437,Botchan,Natsume Sōseki,"Sōseki, Natsume",Joel Cohn,"=""4770030487""","=""9784770030481""",3,3.63,Kodansha,Paperback,172,2007,1906,2013/02/02,2013/01/26,fiction,fiction (#44),read,,,,1,0
9601,Bluebeard,Kurt Vonnegut Jr.,"Jr., Kurt Vonnegut",,"=""038533351X""","=""9780385333511""",3,4.05,Dial Press Trade Paperback,Paperback,318,2011,1987,2013/04/14,2013/04/14,fiction,fiction (#46),read,,,,1,0
22034,"The Godfather (The Godfather, #1)",Mario Puzo,"Puzo, Mario","Robert Thompson, Peter Bart","=""""","=""""",4,4.38,NAL,Paperback,448,2002,1969,2013/01/26,2013/01/26,fiction,fiction (#43),read,,,,1,0
862311,The Star Rover,Jack London,"London, Jack",Lorenzo Carcaterra,"=""0812970047""","=""9780812970043""",3,4.22,Modern Library,Paperback,266,2003,1914,2012/12/21,2012/12/20,fiction,fiction (#41),read,,,,1,0
436982,Notes from the Underground,Fyodor Dostoevsky,"Dostoevsky, Fyodor",Constance Garnett,"=""""","=""""",3,4.17,Dover Publications,Paperback,96,1992,1864,2012/11/15,2012/11/11,fiction,fiction (#39),read,,,,1,0
112537,"Rendezvous with Rama (Rama, #1)",Arthur C. Clarke,"Clarke, Arthur C.",,"=""1857231589""","=""9781857231588""",5,4.11,,Paperback,243,2000,1973,2012/12/08,2012/11/30,fiction,fiction (#40),read,,,,1,0
1305,Gates of Fire,Steven Pressfield,"Pressfield, Steven",,"=""055338368X""","=""9780553383683""",4,4.40,Bantam,Paperback,526,2005,1998,2013/01/09,2013/01/04,fiction,fiction (#42),read,,,,1,0
40395,"A Princess of Mars (Barsoom, #1)",Edgar Rice Burroughs,"Burroughs, Edgar Rice",John Seelye,"=""0143104888""","=""9780143104889""",4,3.81,Penguin Books,Paperback,186,2007,1912,2012/09/21,2012/09/17,fiction,fiction (#36),read,,,,1,0
531509,Herland,Charlotte Perkins Gilman,"Gilman, Charlotte Perkins","Ann J. Lane, Joan Hall, Louise Fili","=""0394736656""","=""9780394736655""",1,3.48,Pantheon,Paperback,147,1979,1915,2012/10/29,2012/10/06,fiction,fiction (#37),read,,,,1,0
18423,"The Left Hand of Darkness (Hainish Cycle, #4)",Ursula K. Le Guin,"Guin, Ursula K. Le",,"=""""","=""""",4,4.09,Ace,Paperback,304,2000,1969,2012/11/07,2012/10/30,fiction,fiction (#38),read,,,,1,0
1406553,The Facts in the Case of M. Valdemar,Edgar Allan Poe,"Poe, Edgar Allan",,"=""1594561788""","=""9781594561788""",3,3.73,BookSurge Classics,Paperback,24,2004,1845,2012/09/08,2012/09/08,fiction,fiction (#34),read,,,,1,0
17184,The Invisible Man,H.G. Wells,"Wells, H.G.","Daniel Philpott, Дмитро Паламарчук, Микола Іванов, Герберт Веллс","=""0451528522""","=""9780451528520""",3,3.64,Signet Classics,Paperback,192,2002,1897,2012/09/14,2012/09/09,fiction,fiction (#35),read,,,,1,0
175516,The Fall of the House of Usher: An Edgar Allan Poe Short Story,Edgar Allan Poe,"Poe, Edgar Allan",,"=""1594561796""","=""9781594561795""",3,3.92,BookSurge Classics,Paperback,36,2004,1839,2012/09/07,2012/09/07,fiction,fiction (#30),read,,,,1,0
2183989,The Oval Portrait,Edgar Allan Poe,"Poe, Edgar Allan",,"=""""","=""""",3,3.75,,,24,2007,1842,2012/09/08,2012/09/07,fiction,fiction (#33),read,,,,1,0
8579173,The Artist of the Beautiful,Nathaniel Hawthorne,"Hawthorne, Nathaniel",,"=""""","=""""",3,3.79,Wiley & Putnam,Kindle Edition,34,1846,1844,2012/09/04,2012/09/04,fiction,fiction (#29),read,,,,1,0
391724,The Black Cat,Edgar Allan Poe,"Poe, Edgar Allan",,"=""1594561753""","=""9781594561757""",3,4.04,BookSurge,Paperback,24,2004,1843,2012/09/08,2012/09/07,fiction,fiction (#32),read,,,,1,0
899492,The Tell-Tale Heart,Edgar Allan Poe,"Poe, Edgar Allan",Byron Glaser,"=""0871917726""","=""9780871917720""",3,4.24,Creative Education,Hardcover,31,1980,1843,2012/09/07,2012/09/07,fiction,fiction (#31),read,,,,1,0
18490,Frankenstein,Mary Wollstonecraft Shelley,"Shelley, Mary Wollstonecraft",,"=""0141439475""","=""9780141439471""",4,3.84,Penguin,Paperback,273,2003,1818,2012/09/01,2012/08/19,fiction,fiction (#26),read,,,,1,0
15850704,The Birthmark,Nathaniel Hawthorne,"Hawthorne, Nathaniel",,"=""""","=""""",3,3.69,Feedbooks,ebook,42,,1843,2012/09/02,2012/09/01,fiction,fiction (#28),read,,,,1,0
13023,Alice in Wonderland,Jane Carruth,"Carruth, Jane","Lewis Carroll, Rene Cloke","=""0517223627""","=""9780517223628""",4,4.03,Gramercy Books,Hardcover,92,2004,1865,2012/08/05,2012/08/02,fiction,fiction (#24),read,,,,1,0
83346,"Through the Looking-Glass and What Alice Found There (Alice's Adventures in Wonderland, #2)",Lewis Carroll,"Carroll, Lewis","John Tenniel, Peter Glassman","=""0688120490""","=""9780688120498""",3,4.03,Books of Wonder,Hardcover,228,1993,1871,2012/08/13,2012/08/09,fiction,fiction (#25),read,,,,1,0
364985,Rappaccini's Daughter,Nathaniel Hawthorne,"Hawthorne, Nathaniel",,"=""1419143956""","=""9781419143953""",3,3.91,Kessinger Publishing,Paperback,48,2004,1844,2012/09/02,2012/09/01,fiction,fiction (#27),read,,,,1,0
17245,Dracula,Bram Stoker,"Stoker, Bram","Rubén Toledo, Nina Auerbach, David J. Skal","=""0393970124""","=""9780393970128""",4,4.01,Norton,Paperback,488,1986,1897,2012/08/19,2012/08/02,fiction,fiction (#23),read,,,,1,0
4980,Breakfast of Champions,Kurt Vonnegut Jr.,"Jr., Kurt Vonnegut",,"=""0385334206""","=""9780385334204""",4,4.07,Dell Publishing,Paperback,303,1999,1973,2012/07/14,2012/07/05,fiction,fiction (#21),read,,,,1,0
135479,Cat's Cradle,Kurt Vonnegut Jr.,"Jr., Kurt Vonnegut",,"=""0140285601""","=""9780140285604""",4,4.16,Penguin,Paperback,179,1999,1963,2012/06/24,2012/06/20,"own, fiction","own (#14), fiction (#20)",read,,,,1,1
4981,Slaughterhouse-Five,Kurt Vonnegut Jr.,"Jr., Kurt Vonnegut",,"=""0385333846""","=""9780385333849""",4,4.09,Dial Press,Paperback,275,1999,1969,2012/06/05,2012/05/29,fiction,fiction (#19),read,,,,1,0
1512702,The Crying of Lot 49,Thomas Pynchon,"Pynchon, Thomas",,"=""""","=""""",3,3.69,"Bantam Books, Inc. (NYC)",Mass Market Paperback,138,1967,1966,2012/02/19,2012/02/18,fiction,fiction (#14),read,,,,1,0
5043,"The Pillars of the Earth (Kingsbridge, #1)",Ken Follett,"Follett, Ken",,"=""""","=""""",4,4.33,NAL Trade,Paperback,976,2002,1989,2012/03/14,2012/02/20,fiction,fiction (#15),read,,,,1,0
7613,Animal Farm,George Orwell,"Orwell, George","Chris Mould, Αύγουστος Κορτώ, Boris Grabnar, Celâl Üster, Николай Николов, Κυριάκος Ντελόπουλος, Peter Škerl, Pau Masiques, José Manuel Moreno Cidoncha, Τζωρτζ Όργουελ, Celâl Üstüner","=""0452284244""","=""9780452284241""",4,3.98,NAL,Paperback,122,2003,1945,2012/04/29,2012/04/29,fiction,fiction (#17),read,,,,1,0
24800,House of Leaves,Mark Z. Danielewski,"Danielewski, Mark Z.",,"=""038560310X""","=""9780385603102""",4,4.09,Random House,Paperback,710,2000,2000,2012/06/18,2012/05/03,fiction,fiction (#18),read,,,,1,0
7144,Crime and Punishment,Fyodor Dostoevsky,"Dostoevsky, Fyodor","David McDuff, Joseph Frank, Fyodor Dostoyevsky","=""0143058142""","=""9780143058144""",4,4.25,Penguin,Paperback,671,2002,1866,2012/04/28,2012/04/06,fiction,fiction (#16),read,,,,1,0
4982,The Sirens of Titan,Kurt Vonnegut Jr.,"Jr., Kurt Vonnegut","Ligia Caranfil, Chris     Moore","=""""","=""""",5,4.15,Gollancz,Paperback,224,1999,1959,2012/01/28,2012/01/26,fiction,fiction (#13),read,,,,1,0
5907,The Hobbit,J.R.R. Tolkien,"Tolkien, J.R.R.","Douglas A. Anderson, Michael Hague, Jemima Catlin","=""""","=""""",4,4.28,Houghton Mifflin,Paperback,366,2002,1937,2012/01/17,2012/01/02,fiction,fiction (#11),read,,,,1,0
10664113,"A Dance with Dragons (A Song of Ice and Fire, #5)",George R.R. Martin,"Martin, George R.R.",,"=""""","=""""",4,4.33,Bantam,Kindle Edition,1125,2011,2011,2011/12/25,2011/12/13,fiction,fiction (#10),read,,,,1,0
168668,Catch-22,Joseph Heller,"Heller, Joseph",,"=""0684833395""","=""9780684833392""",4,3.99,Simon & Schuster ,Paperback,453,2004,1961,2012/02/12,2012/01/25,fiction,fiction (#12),read,,,,1,0
13497,"A Feast for Crows (A Song of Ice and Fire, #4)",George R.R. Martin,"Martin, George R.R.",,"=""055358202X""","=""9780553582024""",4,4.15,Bantam Books,Mass Market Paperback,1061,2011,2005,2011/12/12,2011/12/06,fiction,fiction (#9),read,,,,1,0
105576,Five Point Someone: What Not to Do at IIT,Chetan Bhagat,"Bhagat, Chetan",,"=""8129104598""","=""9788129104595""",3,3.43,Rupa Publications,Paperback,267,2011,2004,2010/01/01,2011/11/24,fiction,fiction (#8),read,,,,1,0
22590,Ubik,Philip K. Dick,"Dick, Philip K.","David Alabort, Manuel Espín","=""8498000831""","=""9788498000832""",5,4.10,La factoría de ideas,Paperback,288,2006,1969,2012/01/01,2011/09/30,fiction,fiction (#5),read,,,,1,0
10572,"A Clash of Kings  (A Song of Ice and Fire, #2)",George R.R. Martin,"Martin, George R.R.",,"=""0553381695""","=""9780553381696""",5,4.41,Bantam,Paperback,969,2002,1998,2011/10/29,2011/10/18,"own, fiction","own (#10), fiction (#6)",read,,,,1,1
62291,"A Storm of Swords (A Song of Ice and Fire, #3)",George R.R. Martin,"Martin, George R.R.",,"=""055357342X""","=""9780553573428""",5,4.54,Bantam,Mass Market Paperback,1177,2003,2000,2011/11/22,2011/11/05,fiction,fiction (#7),read,,,,1,0
13496,"A Game of Thrones (A Song of Ice and Fire, #1)",George R.R. Martin,"Martin, George R.R.",,"=""0553588486""","=""9780553588484""",5,4.44,Bantam,Mass Market Paperback,835,2005,1996,2011/09/28,2011/09/10,"own, fiction","own (#9), fiction (#4)",read,,,,1,1
2657,To Kill a Mockingbird,Harper Lee,"Lee, Harper",,"=""""","=""""",4,4.27,Harper Perennial Modern Classics ,Paperback,336,2006,1960,2011/04/17,2011/04/25,fiction,fiction (#1),read,,,,1,1
5470,1984,George Orwell,"Orwell, George","Thomas Pynchon, Erich Fromm, Irving Howe, Martha C. Nussbaum, George Packer, Raymond Williams, Bernard Crick, Homi K. Bhabha, Golo Mann, عبد الكريم ناصيف, Nils Holmberg, Regina Silveira, Amazing Améziane, Marcelo Pen","=""""","=""""",4,4.19,New American Library,Mass Market Paperback,328,1950,1949,2011/07/17,2011/06/27,"own, fiction","own (#7), fiction (#3)",read,,,,1,1
17948832,Making reliable distributed systems in the presence of software errors,Joe Armstrong,"Armstrong, Joe",,"=""""","=""""",4,4.22,,ebook,295,2003,2003,2016/07/24,2016/07/12,"programming, distributed-systems, elixir","programming (#57), distributed-systems (#11), elixir (#5)",read,,,,1,0
18324312,"Designing for Scalability with Erlang/OTP: Implementing Robust, Fault-Tolerant Systems",Francesco Cesarini,"Cesarini, Francesco",Steve Vinovski,"=""1449320732""","=""9781449320737""",4,4.48,O'Reilly Media,Paperback,400,2014,2014,2017/03/12,2017/02/18,"programming, elixir","programming (#63), elixir (#7)",read,,,,1,0
24791466,Metaprogramming Elixir,Chris McCord,"McCord, Chris",,"=""""","=""9781680500417""",3,4.38,The Pragmatic Programmer,Paperback,106,2015,2015,2016/07/10,2016/07/10,"programming, elixir","programming (#56), elixir (#4)",read,,,,1,0
23245313,Stuff Goes Bad: Erlang in Anger,Fred Hebert,"Hebert, Fred",,"=""""","=""""",4,4.33,,ebook,93,2014,2014,2016/08/06,2016/07/24,"programming, elixir","programming (#58), elixir (#6)",read,,,,1,0
15809496,Learn You Some Erlang for Great Good!,Fred Hebert,"Hebert, Fred",,"=""1593274351""","=""9781593274351""",4,4.48,No Starch Press,Paperback,624,2013,2012,2012/11/23,2012/10/14,"programming, elixir","programming (#34), elixir (#1)",read,,,,1,0
17971957,Programming Elixir: Functional |> Concurrent |> Pragmatic |> Fun,Dave Thomas,"Thomas, Dave",,"=""1937785580""","=""9781937785581""",4,4.29,The Pragmatic Bookshelf,Paperback,287,2013,2013,2013/07/27,2013/07/27,"programming, elixir","programming (#40), elixir (#2)",read,,,,1,0
20524444,Elixir in Action,Saša Jurić,"Jurić, Saša",,"=""161729201X""","=""9781617292019""",4,4.54,Manning,Paperback,351,2015,2015,2016/07/07,2016/07/07,"programming, elixir","programming (#55), elixir (#3)",read,,,,1,0
41803,On LISP: Advanced Techniques for Common LISP,Paul    Graham,"Graham, Paul",,"=""0130305529""","=""9780130305527""",5,4.30,Prentice Hall,Paperback,413,1994,1993,2011/09/01,2011/06/08,"programming, lisp","programming (#16), lisp (#4)",read,,,,1,0
8129142,The Joy of Clojure,Michael Fogus,"Fogus, Michael",Chris Houser,"=""1935182641""","=""9781935182641""",4,4.18,Manning Publishing,Paperback,328,2011,2010,2011/11/05,2011/05/09,"programming, lisp","programming (#15), lisp (#3)",read,,,,1,0
475858,The Seasoned Schemer,Daniel P. Friedman,"Friedman, Daniel P.",Matthias Felleisen,"=""026256100X""","=""9780262561006""",4,4.30,MIT Press,Paperback,224,1995,1995,2016/03/13,2016/03/12,"programming, lisp","programming (#54), lisp (#6)",read,,,,1,0
548914,The Little Schemer,Daniel P. Friedman,"Friedman, Daniel P.","Matthias Felleisen, Duane Bibby, Gerald J. Sussman","=""0262560992""","=""9780262560993""",5,4.29,MIT Press,Paperback,210,1995,1974,2010/04/01,2011/04/25,"programming, lisp","programming (#5), lisp (#1)",read,,,,1,0
43713,Structure and Interpretation of Computer Programs,Harold Abelson,"Abelson, Harold","Gerald Jay Sussman, Julie Sussman","=""0262510871""","=""9780262510875""",5,4.47,MIT Press,Paperback,657,1996,1984,2011/05/03,2011/04/25,"programming, own, lisp","programming (#14), own (#3), lisp (#2)",read,,,,1,1
74645,Mathematics: A Very Short Introduction,Timothy Gowers,"Gowers, Timothy",,"=""0192853619""","=""9780192853615""",4,3.87,Oxford University Press,Paperback,143,2002,2002,2014/03/29,2014/03/28,math,math (#4),read,,,,1,0
23463279,Designing Data-Intensive Applications,Martin Kleppmann,"Kleppmann, Martin",,"=""""","=""""",5,4.72,O'Reilly,ebook,562,,2015,2017/11/05,2017/09/02,"programming, distributed-systems","programming (#70), distributed-systems (#7)",read,,,,1,0
34691716,"Designing Distributed Systems: Patterns and Paradigms for Scalable, Reliable Services",Brendan Burns,"Burns, Brendan",,"=""1491983647""","=""9781491983645""",3,3.57,O'Reilly Media,Paperback,149,2018,,2018/02/13,2018/02/03,"programming, distributed-systems","programming (#75), distributed-systems (#8)",read,,,,1,0
21557290,Elasticsearch: The Definitive Guide: A Distributed Real-Time Search and Analytics Engine,Clinton Gormley,"Gormley, Clinton",Zachary Tong,"=""1449358543""","=""9781449358549""",4,4.25,O'Reilly Media,Paperback,724,2015,2014,2017/09/02,2017/08/17,"programming, distributed-systems","programming (#69), distributed-systems (#6)",read,,,,1,0
29598815,Making Sense of Stream Processing,Martin Kleppmann,"Kleppmann, Martin",,"=""""","=""9781491940105""",4,4.29,O'Reilly Media,ebook,183,2016,,2017/02/19,2017/02/11,"programming, distributed-systems","programming (#62), distributed-systems (#3)",read,,,,1,0
23237460,"I Heart Logs: Event Data, Stream Processing, and Data Integration",Jay Kreps,"Kreps, Jay",,"=""1491909382""","=""9781491909386""",5,3.86,O'Reilly Media,Paperback,60,2014,2014,2017/03/25,2017/02/11,"programming, distributed-systems","programming (#64), distributed-systems (#4)",read,,,,1,0
23612990,Docker in Action,Jeff Nickoloff,"Nickoloff, Jeff",,"=""""","=""9781633430235""",3,3.77,Manning Publications,ebook,304,2016,2015,2017/08/12,2017/08/11,"programming, distributed-systems","programming (#68), distributed-systems (#5)",read,,,,1,0
13421400,Big Data: Principles and best practices of scalable realtime data systems,Nathan Marz,"Marz, Nathan",James Warren,"=""1617290343""","=""9781617290343""",4,3.84,Manning,Paperback,328,2015,2012,2016/08/13,2016/08/05,"programming, distributed-systems","programming (#59), distributed-systems (#2)",read,,,,1,0
18652140,Distributed Systems For Fun and Profit,Mikito Takada,"Takada, Mikito",,"=""""","=""""",4,4.19,,ebook,60,2013,,2014/01/19,2014/01/19,"programming, distributed-systems","programming (#42), distributed-systems (#1)",read,,,,1,0
17743,Beautiful Evidence,Edward R. Tufte,"Tufte, Edward R.",,"=""0961392177""","=""9780961392178""",4,4.15,Graphics Press LLC,Hardcover,213,2006,2006,2016/02/12,2016/02/12,"programming, visualization","programming (#53), visualization (#4)",read,,,,1,0
17746,Visual Explanations,Edward R. Tufte,"Tufte, Edward R.",,"=""0961392126""","=""9780961392123""",4,4.29,Graphics Press,Hardcover,156,1998,1997,2017/05/10,2017/03/28,"programming, visualization","programming (#65), visualization (#6)",read,,,,1,0
15765619,On the Map: A Mind-Expanding Exploration of the Way the World Looks,Simon Garfield,"Garfield, Simon",Dava Sobel,"=""159240779X""","=""9781592407798""",2,3.68,Gotham,Hardcover,464,2012,2012,2016/06/01,2016/06/01,visualization,visualization (#5),read,,,,1,0
853213,Svg Essentials,J. David Eisenberg,"Eisenberg, J. David",,"=""0596002238""","=""9780596002237""",3,3.64,O'Reilly Media,Paperback,360,2002,2002,2012/08/25,2012/08/22,"programming, visualization","programming (#30), visualization (#1)",read,,,,1,0
17744,The Visual Display of Quantitative Information,Edward R. Tufte,"Tufte, Edward R.",,"=""0961392142""","=""9780961392147""",4,4.39,Graphics Press,Hardcover,197,2001,1983,2015/04/05,2015/04/04,"programming, visualization","programming (#46), visualization (#2)",read,,,,1,0
17745,Envisioning Information,Edward R. Tufte,"Tufte, Edward R.",,"=""0961392118""","=""9780961392116""",4,4.23,Graphics Press,Hardcover,126,1992,1990,2015/05/30,2015/05/30,"programming, visualization","programming (#48), visualization (#3)",read,,,,1,0
1122695,The Little MLer,Matthias Felleisen,"Felleisen, Matthias",Daniel P. Friedman,"=""026256114X""","=""9780262561143""",4,3.89,MIT Press,Paperback,198,1998,1997,2018/01/19,2017/12/15,programming,programming (#73),read,,,,1,0
4415662,Git Internals,Scott Chacon,"Chacon, Scott",,"=""""","=""""",3,4.09,Peepcode Press,ebook,120,2008,2008,2017/12/31,2017/12/31,programming,programming (#72),read,,,,1,0
3131525,The Art of Multiprocessor Programming,Maurice Herlihy,"Herlihy, Maurice",Nir Shavit,"=""0123705916""","=""9780123705914""",5,4.00,Morgan Kaufmann Publishers,Paperback,508,2008,2008,2017/12/02,2017/05/07,programming,programming (#71),read,,,,1,0
67825,Peopleware: Productive Projects and Teams,Tom DeMarco,"DeMarco, Tom",Timothy R. Lister,"=""0932633439""","=""9780932633439""",4,4.13,"Dorset House Publishing Company, Incorporated",Paperback,245,1999,1987,2017/10/06,2017/05/07,,,read,,,,1,0
1753460,Principles of Economics,N. Gregory Mankiw,"Mankiw, N. Gregory",,"=""0324168624""","=""9780324168624""",5,4.09,Thomson South-Western,Hardcover,848,2003,1997,2017/06/11,2016/02/13,economics,economics (#3),read,,,,1,0
3839712,The Craft of Text Editing,Craig A. Finseth,"Finseth, Craig A.",,"=""1411682971""","=""9781411682979""",3,3.92,Lulu,Paperback,236,2006,1991,2017/05/30,2017/05/07,programming,programming (#67),read,,,,1,0
910789,The Elements of Computing Systems: Building a Modern Computer from First Principles,Noam Nisan,"Nisan, Noam",,"=""026214087X""","=""9780262140874""",3,4.54,MIT Press (MA),Hardcover,325,2005,2005,2017/04/13,2017/03/19,programming,programming (#66),read,,,,1,0
1069723,Secure Coding: Principles and Practices,Mark G. Graff,"Graff, Mark G.",Kenneth R. van Wyk,"=""0596002424""","=""9780596002428""",1,3.40,O'Reilly Media,Paperback,224,2003,2003,2016/11/24,2016/08/21,programming,programming (#61),read,,,,1,0
433443,"An Introduction to Information Theory: Symbols, Signals and Noise",John Robinson Pierce,"Pierce, John Robinson",,"=""0486240614""","=""9780486240619""",4,3.92,Dover Publications,Paperback,306,1980,1961,2016/10/02,2016/10/01,programming,programming (#60),read,,,,1,0
433567,Flatland: A Romance of Many Dimensions,Edwin A. Abbott,"Abbott, Edwin A.","Banesh Hoffmann, Giorgio Manganelli, Masolino d'Amico","=""048627263X""","=""9780486272634""",4,3.81,"Dover Publications, Inc.",Paperback,96,1992,1884,2010/10/19,2011/04/25,math,math (#3),read,,,,1,0
116185,Journey through Genius: The Great Theorems of Mathematics,William Dunham,"Dunham, William",,"=""014014739X""","=""9780140147391""",4,4.22,Penguin Books,Paperback,320,1991,1990,2014/04/14,2014/04/13,"own, math","own (#17), math (#2)",read,,,,1,0
3023,Basic Economics: A Citizen's Guide to the Economy,Thomas Sowell,"Sowell, Thomas",,"=""0465081452""","=""9780465081455""",4,4.36,Basic Books,Hardcover,448,2003,2000,2015/09/30,2015/09/30,economics,economics (#1),read,,,,1,0
1741472,Programming Collective Intelligence: Building Smart Web 2.0 Applications,Toby Segaran,"Segaran, Toby",,"=""0596529325""","=""9780596529321""",0,4.07,O'Reilly Media,Paperback,362,2007,2002,,2012/09/09,on-hold,on-hold (#4),on-hold,,,,0,0
13136685,Learn C The Hard Way,Zed A. Shaw,"Shaw, Zed A.",,"=""""","=""""",0,4.03,,ebook,380,,2015,,2012/06/18,on-hold,on-hold (#5),on-hold,,,,0,0
86591,UNIX Power Tools,Jerry Peek,"Peek, Jerry","Jerry Peek, Tim O'Reilly, Mike Loukides","=""0596003307""","=""9780596003302""",0,4.16,O'Reilly Media,Paperback,1156,2002,1993,,2011/09/16,on-hold,on-hold (#3),on-hold,,,,0,0
112262,"Compilers: Principles, Techniques, and Tools",Alfred V. Aho,"Aho, Alfred V.","Monica S. Lam, Ravi Sethi, Jeffrey D. Ullman","=""0321486811""","=""9780321486813""",0,4.09,Addison Wesley,Hardcover,1009,2006,1986,,2011/09/04,"own, on-hold","own (#13), on-hold (#2)",on-hold,,,,0,1
6219481,SQL and Relational Theory: How to Write Accurate SQL Code,C.J. Date,"Date, C.J.",,"=""0596523068""","=""9780596523060""",4,3.76,O'Reilly Media,Paperback,428,2009,2009,2015/09/06,2015/08/22,"programming, own","programming (#52), own (#22)",read,,,,1,0
15499449,Game Programming Patterns,Robert Nystrom,"Nystrom, Robert",,"=""1430231505""","=""9781430231509""",3,4.50,Genever Benning,Paperback,300,2011,2011,2015/08/09,2015/07/14,programming,programming (#51),read,,,,1,0
69736,Thinking with Type,Ellen Lupton,"Lupton, Ellen",,"=""1568984480""","=""9781568984483""",3,4.10,Princeton Architectural Press,Paperback,176,2004,2004,2015/08/08,2015/08/07,programming,programming (#50),read,,,,1,0
20578310,Bitcoin for the Befuddled,Conrad Barski,"Barski, Conrad",Chris Wilmer,"=""1593275730""","=""9781593275730""",4,4.00,No Starch Press,Paperback,249,2014,2014,2015/04/12,2015/04/11,programming,programming (#47),read,,,,1,0
2047544,Data Compression Book,Mark Nelson,"Nelson, Mark",,"=""1558514341""","=""9781558514348""",4,4.03,Wiley,Paperback,576,1995,1991,2015/02/21,2015/02/20,programming,programming (#45),read,,,,1,0
772585,"Concepts, Techniques, and Models of Computer Programming",Peter Van Roy,"Roy, Peter Van",Seif Haridi,"=""0262220695""","=""9780262220699""",5,4.11,MIT Press,Hardcover,936,2004,2004,2014/11/23,2014/03/28,"programming, own","programming (#44), own (#15)",read,,,,1,0
3226758,Real World Haskell: Code You Can Believe In,Bryan O'Sullivan,"O'Sullivan, Bryan","John Goerzen, Donald Bruce Stewart","=""0596514980""","=""9780596514983""",4,3.93,O'Reilly Media,Paperback,720,2008,2008,2014/05/11,2013/06/30,programming,programming (#43),read,,,,1,0
17623632,Functional JavaScript: Introducing Functional Programming with Underscore.js,Michael Fogus,"Fogus, Michael",,"=""1449360726""","=""9781449360726""",4,4.07,O'Reilly Media,Paperback,260,2013,2013,2013/08/31,2013/08/11,programming,programming (#41),read,,,,1,0
13355765,Node.js in Action,Mike Cantelon,"Cantelon, Mike",T.J. Holowaychuk,"=""1617290572""","=""9781617290572""",3,3.87,Manning Publications,Paperback,416,2013,2011,2013/05/04,2013/05/04,programming,programming (#39),read,,,,1,0
17994,The Code Book: The Science of Secrecy from Ancient Egypt to Quantum Cryptography,Simon Singh,"Singh, Simon",,"=""0385495323""","=""9780385495325""",4,4.29,Anchor,Paperback,432,2000,1999,2013/04/21,2013/04/15,,,read,,,,1,0
62158,The Complete History of Jack the Ripper,Philip Sugden,"Sugden, Philip",,"=""1841193976""","=""9781841193977""",3,4.10,Robinson,Paperback,532,2006,1994,2013/03/30,2012/11/22,,,read,,,,1,0
9282423,Learn You a Haskell for Great Good!: A Beginner's Guide,Miran Lipovača,"Lipovača, Miran",,"=""1593272839""","=""9781593272838""",4,4.29,No Starch Press,Paperback,376,2011,2011,2013/02/03,2013/01/26,programming,programming (#38),read,,,,1,0
13366727,Working with UNIX Processes,Jesse Storimer,"Storimer, Jesse",,"=""""","=""""",3,4.07,,ebook,148,2012,2011,2013/01/05,2013/01/04,programming,programming (#37),read,,,,1,0
78378,Advanced Programming in the UNIX Environment,Stephen A. Rago,"Rago, Stephen A.",,"=""0201433079""","=""9780201433074""",4,4.33,Addison-Wesley Professional,Hardcover,927,2005,1992,2013/01/01,2012/08/31,programming,programming (#36),read,,,,1,0
13610343,NoSQL Distilled: A Brief Guide to the Emerging World of Polyglot Persistence,Pramod J. Sadalage,"Sadalage, Pramod J.",Martin Fowler,"=""0321826620""","=""9780321826626""",4,4.11,Addison-Wesley Professional,Paperback,192,2012,2012,2012/10/06,2012/10/01,programming,programming (#33),read,,,,1,0
15992715,An Introduction to Programming in Go,Caleb Doxsey,"Doxsey, Caleb",,"=""9781478355""","=""""",3,3.76,Creative  Commons  3.0,ebook,161,2012,2012,2012/09/13,2012/09/16,programming,programming (#31),read,,,,1,0
13073554,Lauren Ipsum,Carlos Bueno,"Bueno, Carlos",Ytaelena López,"=""""","=""""",3,3.89,Off-By-One Press,ebook,150,2011,2011,2012/09/07,2012/09/01,programming,programming (#32),read,,,,1,0
198207,Expert C Programming: Deep C Secrets,Peter van der Linden,"Linden, Peter van der",,"=""0131774298""","=""9780131774292""",3,4.33,Pearson,Paperback,384,1994,1994,2012/08/08,2012/07/01,programming,programming (#29),read,,,,1,0
174904,The UNIX-Haters Handbook,Simson Garfinkel,"Garfinkel, Simson",,"=""1568842031""","=""9781568842035""",3,3.79,Wiley Publishing,Paperback,329,1994,1994,2012/07/22,2012/07/13,programming,programming (#28),read,,,,1,0
405790,Beautiful Code: Leading Programmers Explain How They Think,Andy Oram,"Oram, Andy","Greg Wilson, Jon L. Bentley, Brian W. Kernighan, Charles Petzold, Douglas Crockford, Henry S. Warren Jr., Ashish Gulhati, Lincoln Stein, Jim Kent, Jack Dongarra, Poitr Luszczek, Adam Kolawa, Greg Kroah-Hartman, Diomidis Spinellis, Andrew Kuchling, Travis E. Oliphant, Ronald Mak, Rogério Atem de Carvalho, Rafael Monnerat, Bryan Cantrill, Jeffrey Dean, Sanjay Ghemawat, Simon Peyton Jones, R. Kent Dybuig, William R. Otte, Douglas C. Schmidt, Andrew Patzer, Karl Fogel, Tim Bray, Elliotte Rusty Harold, Michael C. Feathers, Alberto Savoia","=""0596510047""","=""9780596510046""",3,3.75,O'Reilly Media,Paperback,563,2007,2009,2012/05/20,2012/04/10,programming,programming (#27),read,,,,1,0
12491550,Big Data Now: Current Perspectives from O'Reilly Radar,O'Reilly Radar Team,"Team, O'Reilly Radar",,"=""""","=""""",2,3.35,,ebook,137,,2011,2012/05/06,2012/05/01,programming,programming (#26),read,,,,1,0
13485355,"Kestrels, Quirky Birds, and Hopeless Egocentricity",Reginald Braithwaite,"Braithwaite, Reginald",,"=""""","=""""",4,4.35,http://leanpub.com/,ebook,100,2013,,2012/04/01,2012/03/18,programming,programming (#25),read,,,,1,0
2047737,Thinking Forth,Leo Brodie,"Brodie, Leo",,"=""0976458705""","=""9780976458708""",4,3.98,Punchy Publishing,Paperback,316,2004,1984,2012/03/24,2011/11/24,programming,programming (#24),read,,,,1,0
1069827,Release It!: Design and Deploy Production-Ready Software (Pragmatic Programmers),Michael T. Nygard,"Nygard, Michael T.",,"=""0978739213""","=""9780978739218""",4,4.26,Pragmatic Bookshelf,Paperback,326,2007,2007,2012/02/29,2011/09/08,programming,programming (#23),read,,,,1,0
9364729,Eloquent Ruby,Russ Olsen,"Olsen, Russ",,"=""0321584104""","=""9780321584106""",5,4.34,Addison-Wesley Professional,Paperback,413,2011,2011,2012/02/17,2011/11/24,programming,programming (#22),read,,,,1,0
11172642,PC Assembly Language,Paul Carter,"Carter, Paul",,"=""""","=""5800031684515""",4,4.00,,Paperback,177,,,2011/12/29,2011/12/28,programming,programming (#21),read,,,,1,0
9856964,Crafting Rails Applications: Expert Practices for Everyday Rails Development,José Valim,"Valim, José",,"=""1934356735""","=""9781934356739""",4,4.00,The Pragmatic Bookshelf,Paperback,180,2011,2011,2011/12/18,2011/12/06,programming,programming (#20),read,,,,1,0
10198539,Programming Amazon EC2,Jurg van Vliet,"Vliet, Jurg van",Flavia Paganelli,"=""1449393683""","=""9781449393687""",3,3.39,O'Reilly Media,Paperback,186,2011,2011,2011/09/30,2011/09/16,programming,programming (#19),read,,,,1,0
52084,Programming Pearls,Jon L. Bentley,"Bentley, Jon L.",,"=""0201657880""","=""0785342657883""",4,4.20,Addison-Wesley Professional,Paperback,239,1999,1986,2010/12/27,2011/04/25,programming,programming (#13),read,,,,1,0
13629,The Mythical Man-Month: Essays on Software Engineering,Frederick P. Brooks Jr.,"Jr., Frederick P. Brooks",,"=""0201835959""","=""9780201835953""",4,4.01,Addison-Wesley Professional,Paperback,322,1995,1975,2010/08/29,2011/04/25,programming,programming (#9),read,,,,1,0
6713575,Coders at Work: Reflections on the Craft of Programming,Peter Seibel,"Seibel, Peter",,"=""1430219483""","=""9781430219484""",4,3.95,Apress,Paperback,632,2009,2009,2010/06/13,2011/04/25,programming,programming (#7),read,,,,1,0
4099,The Pragmatic Programmer: From Journeyman to Master,Andy Hunt,"Hunt, Andy",Dave Thomas,"=""020161622X""","=""9780201616224""",4,4.33,Addison-Wesley Professional,Paperback,321,1999,1999,2010/04/01,2011/04/25,programming,programming (#6),read,,,,1,0
7003902,97 Things Every Programmer Should Know: Collective Wisdom from the Experts,Kevlin Henney,"Henney, Kevlin",Stephen P. Berczuk,"=""0596809484""","=""9780596809485""",4,3.64,"O'Reilly Media, Inc.",Paperback,258,2010,2010,2010/04/01,2011/04/25,programming,programming (#4),read,,,,1,0
428594,Hibernate in Action,Christian Bauer,"Bauer, Christian",Gavin King,"=""193239415X""","=""9781932394153""",4,3.59,Manning Publications,Paperback,400,2004,2004,2009/09/01,2011/04/25,programming,programming (#2),read,,,,1,0
1898432,Wicket in Action,Martijn Dashorst,"Dashorst, Martijn",Eelco Hillenius,"=""1932394982""","=""9781932394986""",4,3.68,Manning,Paperback,392,2008,2008,2009/11/01,2011/04/25,programming,programming (#3),read,,,,1,0
6636216,Mercurial: The Definitive Guide,Bryan O'Sullivan,"O'Sullivan, Bryan",,"=""0596800673""","=""9780596800673""",3,3.46,O'Reilly Media,Paperback,284,2009,2009,2011/08/10,2011/07/29,programming,programming (#18),read,,,,1,0
7183279,Metaprogramming Ruby,Paolo Perrotta,"Perrotta, Paolo",Paolo Perrotta,"=""1934356476""","=""9781934356470""",4,4.30,Pragmatic Bookshelf,Paperback,296,2010,2010,2011/05/02,2011/04/25,programming,programming (#1),read,,,,1,0
2485075,The Ruby Programming Language,David Flanagan,"Flanagan, David","Yukihiro Matsumoto, Why The Lucky Stiff, Łukasz Piwko","=""0596516177""","=""9780596516178""",4,4.02,O'Reilly Media,Paperback,448,2008,2008,2010/11/23,2011/04/25,"programming, own","programming (#11), own (#1)",read,,,,1,1
2998152,JavaScript: The Good Parts,Douglas Crockford,"Crockford, Douglas",,"=""0596517742""","=""9780596517748""",4,4.23,Yahoo Press,Paperback,153,2008,2008,2010/09/12,2011/04/25,programming,programming (#10),read,,,,1,0
